country,surname,rank,length,vowel_count,diacritic_count,first_letter,last_letter,country_code
Non-Eastern European,hurley,0,6,2,0,h,y,5
Montenegro,Radonjić,21,8,3,1,R,ć,4
Non-Eastern European,bradley,0,7,2,0,b,y,5
Montenegro,Samardžić,98,9,3,2,S,ć,4
Non-Eastern European,nash,0,4,1,0,n,h,5
Non-Eastern European,gay,0,3,1,0,g,y,5
Non-Eastern European,sargent,0,7,2,0,s,t,5
Montenegro,Murić,46,5,2,1,M,ć,4
Non-Eastern European,contreras,0,9,3,0,c,s,5
Non-Eastern European,frank,0,5,1,0,f,k,5
Serbia,Perić,76,5,2,1,P,ć,2
Non-Eastern European,kaufman,0,7,3,0,k,n,5
Non-Eastern European,cole,0,4,2,0,c,e,5
Non-Eastern European,knox,0,4,1,0,k,x,5
Serbia,Kostić,16,6,2,1,K,ć,2
Non-Eastern European,beach,0,5,2,0,b,h,5
Non-Eastern European,frye,0,4,1,0,f,e,5
Non-Eastern European,hodge,0,5,2,0,h,e,5
Bosnia and Herzegovina,Husić,90,5,2,1,H,ć,3
Serbia,Mitić,46,5,2,1,M,ć,2
Non-Eastern European,lott,0,4,1,0,l,t,5
Non-Eastern European,rodriquez,0,9,4,0,r,z,5
Serbia,Dimitrijević,18,12,5,1,D,ć,2
Serbia,Knežević,57,8,3,2,K,ć,2
Bosnia and Herzegovina,Suljić,74,6,2,1,S,ć,3
Non-Eastern European,brown,0,5,1,0,b,n,5
Non-Eastern European,murphy,0,6,1,0,m,y,5
Non-Eastern European,byrd,0,4,0,0,b,d,5
Montenegro,Šćekić,33,6,2,3,Š,ć,4
Croatia,Jurković,24,8,3,1,J,ć,0
Non-Eastern European,brennan,0,7,2,0,b,n,5
Non-Eastern European,burch,0,5,1,0,b,h,5
Non-Eastern European,walker,0,6,2,0,w,r,5
Serbia,Antić,50,5,2,1,A,ć,2
Non-Eastern European,wells,0,5,1,0,w,s,5
Non-Eastern European,becker,0,6,2,0,b,r,5
Croatia,Marjanović,50,10,4,1,M,ć,0
Slovenia,Fras,78,4,1,0,F,s,1
Non-Eastern European,hunt,0,4,1,0,h,t,5
Non-Eastern European,tate,0,4,2,0,t,e,5
Non-Eastern European,hansen,0,6,2,0,h,n,5
Bosnia and Herzegovina,Beganović,58,9,4,1,B,ć,3
Montenegro,Pavićević,30,9,4,2,P,ć,4
Non-Eastern European,castaneda,0,9,4,0,c,a,5
Non-Eastern European,frazier,0,7,3,0,f,r,5
Non-Eastern European,yang,0,4,1,0,y,g,5
Non-Eastern European,cummings,0,8,2,0,c,s,5
Croatia,Rukavina,30,8,4,0,R,a,0
Non-Eastern European,reyes,0,5,2,0,r,s,5
Non-Eastern European,barlow,0,6,2,0,b,w,5
Non-Eastern European,ortega,0,6,3,0,o,a,5
Bosnia and Herzegovina,Topić,73,5,2,1,T,ć,3
Non-Eastern European,herrera,0,7,3,0,h,a,5
Croatia,Perković,31,8,3,1,P,ć,0
Non-Eastern European,fitzpatrick,0,11,3,0,f,k,5
Croatia,Crnković,66,8,2,1,C,ć,0
Non-Eastern European,castillo,0,8,3,0,c,o,5
Non-Eastern European,oliver,0,6,3,0,o,r,5
Serbia,Grujić,65,6,2,1,G,ć,2
Non-Eastern European,kirby,0,5,1,0,k,y,5
Slovenia,Kuhar,40,5,2,0,K,r,1
Non-Eastern European,byers,0,5,1,0,b,s,5
Non-Eastern European,robbins,0,7,2,0,r,s,5
Bosnia and Herzegovina,Zahirović,81,9,4,1,Z,ć,3
Non-Eastern European,baxter,0,6,2,0,b,r,5
Slovenia,Bogataj,93,7,3,0,B,j,1
Bosnia and Herzegovina,Filipović,46,9,4,1,F,ć,3
Non-Eastern European,washington,0,10,3,0,w,n,5
Non-Eastern European,ayers,0,5,2,0,a,s,5
Croatia,Kolarić,71,7,3,1,K,ć,0
Non-Eastern European,eaton,0,5,3,0,e,n,5
Non-Eastern European,cline,0,5,2,0,c,e,5
Non-Eastern European,henson,0,6,2,0,h,n,5
Non-Eastern European,cobb,0,4,1,0,c,b,5
Croatia,Lukić,33,5,2,1,L,ć,0
Non-Eastern European,hobbs,0,5,1,0,h,s,5
Non-Eastern European,holman,0,6,2,0,h,n,5
Non-Eastern European,coleman,0,7,3,0,c,n,5
Non-Eastern European,butler,0,6,2,0,b,r,5
Non-Eastern European,webster,0,7,2,0,w,r,5
Non-Eastern European,blanchard,0,9,2,0,b,d,5
Serbia,Novaković,43,9,4,1,N,ć,2
Non-Eastern European,merritt,0,7,2,0,m,t,5
Non-Eastern European,waller,0,6,2,0,w,r,5
Slovenia,Kovačič,4,7,3,2,K,č,1
Non-Eastern European,irwin,0,5,2,0,i,n,5
Non-Eastern European,shaw,0,4,1,0,s,w,5
Bosnia and Herzegovina,Milošević,57,9,4,2,M,ć,3
Non-Eastern European,dodson,0,6,2,0,d,n,5
Croatia,Perić,60,5,2,1,P,ć,0
Non-Eastern European,johns,0,5,1,0,j,s,5
Croatia,Vrdoljak,70,8,2,0,V,k,0
Non-Eastern European,oconnor,0,7,3,0,o,r,5
Non-Eastern European,browning,0,8,2,0,b,g,5
Non-Eastern European,reeves,0,6,3,0,r,s,5
Bosnia and Herzegovina,Petrović,4,8,3,1,P,ć,3
Non-Eastern European,wright,0,6,1,0,w,t,5
Non-Eastern European,lara,0,4,2,0,l,a,5
Non-Eastern European,carey,0,5,2,0,c,y,5
Non-Eastern European,cooper,0,6,3,0,c,r,5
Non-Eastern European,howard,0,6,2,0,h,d,5
Non-Eastern European,jimenez,0,7,3,0,j,z,5
Bosnia and Herzegovina,Hadžić,7,6,2,2,H,ć,3
Non-Eastern European,gonzales,0,8,3,0,g,s,5
Montenegro,Krivokapić,37,10,4,1,K,ć,4
Montenegro,Kalač,23,5,2,1,K,č,4
Croatia,Jovanović,79,9,4,1,J,ć,0
Non-Eastern European,johnson,0,7,2,0,j,n,5
Non-Eastern European,oneill,0,6,3,0,o,l,5
Bosnia and Herzegovina,Novaković,89,9,4,1,N,ć,3
Bosnia and Herzegovina,Muratović,59,9,4,1,M,ć,3
Non-Eastern European,gregory,0,7,2,0,g,y,5
Montenegro,Klikovac,40,8,3,0,K,c,4
Non-Eastern European,key,0,3,1,0,k,y,5
Bosnia and Herzegovina,Babić,10,5,2,1,B,ć,3
Montenegro,Agović,61,6,3,1,A,ć,4
Non-Eastern European,moran,0,5,2,0,m,n,5
Non-Eastern European,flynn,0,5,0,0,f,n,5
Non-Eastern European,swanson,0,7,2,0,s,n,5
Slovenia,Jelen,67,5,2,0,J,n,1
Non-Eastern European,pruitt,0,6,2,0,p,t,5
Non-Eastern European,freeman,0,7,3,0,f,n,5
Non-Eastern European,england,0,7,2,0,e,d,5
Non-Eastern European,clay,0,4,1,0,c,y,5
Serbia,Radosavljević,53,13,5,1,R,ć,2
Serbia,Matić,77,5,2,1,M,ć,2
Non-Eastern European,mcdowell,0,8,2,0,m,l,5
Slovenia,Koren,29,5,2,0,K,n,1
Non-Eastern European,morse,0,5,2,0,m,e,5
Non-Eastern European,lamb,0,4,1,0,l,b,5
Non-Eastern European,green,0,5,2,0,g,n,5
Non-Eastern European,anderson,0,8,3,0,a,n,5
Montenegro,Filipović,70,9,4,1,F,ć,4
Serbia,Popović,9,7,3,1,P,ć,2
Slovenia,Gregorič,73,8,3,1,G,č,1
Bosnia and Herzegovina,Blagojević,49,10,4,1,B,ć,3
Montenegro,Bošković,19,8,3,2,B,ć,4
Non-Eastern European,buck,0,4,1,0,b,k,5
Non-Eastern European,strong,0,6,1,0,s,g,5
Non-Eastern European,boyle,0,5,2,0,b,e,5
Non-Eastern European,hines,0,5,2,0,h,s,5
Non-Eastern European,garcia,0,6,3,0,g,a,5
Non-Eastern European,vazquez,0,7,3,0,v,z,5
Non-Eastern European,perkins,0,7,2,0,p,s,5
Non-Eastern European,graham,0,6,2,0,g,m,5
Slovenia,Kobal,90,5,2,0,K,l,1
Non-Eastern European,castillo,0,8,3,0,c,o,5
Non-Eastern European,finley,0,6,2,0,f,y,5
Croatia,Radić,74,5,2,1,R,ć,0
Slovenia,Kralj,14,5,1,0,K,j,1
Non-Eastern European,wyatt,0,5,1,0,w,t,5
Non-Eastern European,barker,0,6,2,0,b,r,5
Non-Eastern European,simon,0,5,2,0,s,n,5
Non-Eastern European,richard,0,7,2,0,r,d,5
Non-Eastern European,hayden,0,6,2,0,h,n,5
Non-Eastern European,barnett,0,7,2,0,b,t,5
Non-Eastern European,shepherd,0,8,2,0,s,d,5
Non-Eastern European,stevens,0,7,2,0,s,s,5
Croatia,Cindrić,52,7,2,1,C,ć,0
Montenegro,Korać,79,5,2,1,K,ć,4
Croatia,Vukelić,77,7,3,1,V,ć,0
Non-Eastern European,clayton,0,7,2,0,c,n,5
Non-Eastern European,rose,0,4,2,0,r,e,5
Serbia,Ignjatović,95,10,4,1,I,ć,2
Montenegro,Radović,6,7,3,1,R,ć,4
Non-Eastern European,clark,0,5,1,0,c,k,5
Non-Eastern European,nieves,0,6,3,0,n,s,5
Slovenia,Košir,28,5,2,1,K,r,1
Bosnia and Herzegovina,Tomić,5,5,2,1,T,ć,3
Non-Eastern European,baker,0,5,2,0,b,r,5
Non-Eastern European,conley,0,6,2,0,c,y,5
Non-Eastern European,castro,0,6,2,0,c,o,5
Montenegro,Janković,22,8,3,1,J,ć,4
Non-Eastern European,li,0,2,1,0,l,i,5
Non-Eastern European,dickson,0,7,2,0,d,n,5
Non-Eastern European,emerson,0,7,3,0,e,n,5
Non-Eastern European,gates,0,5,2,0,g,s,5
Non-Eastern European,hughes,0,6,2,0,h,s,5
Non-Eastern European,ewing,0,5,2,0,e,g,5
Non-Eastern European,ward,0,4,1,0,w,d,5
Croatia,Janković,68,8,3,1,J,ć,0
Non-Eastern European,barr,0,4,1,0,b,r,5
Montenegro,Pejović,13,7,3,1,P,ć,4
Slovenia,Jerman,46,6,2,0,J,n,1
Bosnia and Herzegovina,Mujkić,51,6,2,1,M,ć,3
Non-Eastern European,hunter,0,6,2,0,h,r,5
Non-Eastern European,nguyen,0,6,2,0,n,n,5
Non-Eastern European,mullins,0,7,2,0,m,s,5
Non-Eastern European,ramos,0,5,2,0,r,s,5
Non-Eastern European,levine,0,6,3,0,l,e,5
Bosnia and Herzegovina,Mitrović,23,8,3,1,M,ć,3
Non-Eastern European,black,0,5,1,0,b,k,5
Non-Eastern European,hebert,0,6,2,0,h,t,5
Non-Eastern European,ferguson,0,8,3,0,f,n,5
Non-Eastern European,spencer,0,7,2,0,s,r,5
Non-Eastern European,mclean,0,6,2,0,m,n,5
Non-Eastern European,orr,0,3,1,0,o,r,5
Slovenia,Jug,89,3,1,0,J,g,1
Non-Eastern European,sparks,0,6,1,0,s,s,5
Non-Eastern European,delacruz,0,8,3,0,d,z,5
Bosnia and Herzegovina,Stojanović,39,10,4,1,S,ć,3
Non-Eastern European,oneal,0,5,3,0,o,l,5
Non-Eastern European,sullivan,0,8,3,0,s,n,5
Non-Eastern European,faulkner,0,8,3,0,f,r,5
Non-Eastern European,rutledge,0,8,3,0,r,e,5
Non-Eastern European,chase,0,5,2,0,c,e,5
Non-Eastern European,cortez,0,6,2,0,c,z,5
Montenegro,Nikolić,16,7,3,1,N,ć,4
Non-Eastern European,cannon,0,6,2,0,c,n,5
Non-Eastern European,jordan,0,6,2,0,j,n,5
Non-Eastern European,wood,0,4,2,0,w,d,5
Non-Eastern European,bond,0,4,1,0,b,d,5
Non-Eastern European,guerrero,0,8,4,0,g,o,5
Non-Eastern European,hood,0,4,2,0,h,d,5
Non-Eastern European,hanson,0,6,2,0,h,n,5
Non-Eastern European,george,0,6,3,0,g,e,5
Non-Eastern European,greer,0,5,2,0,g,r,5
Non-Eastern European,logan,0,5,2,0,l,n,5
Montenegro,Živković,41,8,3,2,Ž,ć,4
Non-Eastern European,potts,0,5,1,0,p,s,5
Non-Eastern European,chapman,0,7,2,0,c,n,5
Non-Eastern European,carlson,0,7,2,0,c,n,5
Non-Eastern European,hudson,0,6,2,0,h,n,5
Non-Eastern European,mcguire,0,7,3,0,m,e,5
Non-Eastern European,delaney,0,7,3,0,d,y,5
Non-Eastern European,park,0,4,1,0,p,k,5
Non-Eastern European,joyner,0,6,2,0,j,r,5
Bosnia and Herzegovina,Perić,31,5,2,1,P,ć,3
Serbia,Đokić,45,5,2,2,Đ,ć,2
Non-Eastern European,arnold,0,6,2,0,a,d,5
Non-Eastern European,gutierrez,0,9,4,0,g,z,5
Non-Eastern European,howe,0,4,2,0,h,e,5
Non-Eastern European,sandoval,0,8,3,0,s,l,5
Slovenia,Zadravec,75,8,3,0,Z,c,1
Non-Eastern European,shields,0,7,2,0,s,s,5
Bosnia and Herzegovina,Vasić,78,5,2,1,V,ć,3
Non-Eastern European,delgado,0,7,3,0,d,o,5
Croatia,Miletić,45,7,3,1,M,ć,0
Non-Eastern European,dominguez,0,9,4,0,d,z,5
Non-Eastern European,chan,0,4,1,0,c,n,5
Serbia,Arsić,67,5,2,1,A,ć,2
Non-Eastern European,silva,0,5,2,0,s,a,5
Non-Eastern European,barnes,0,6,2,0,b,s,5
Non-Eastern European,ratliff,0,7,2,0,r,f,5
Non-Eastern European,randolph,0,8,2,0,r,h,5
Non-Eastern European,bowman,0,6,2,0,b,n,5
Montenegro,Petrović,24,8,3,1,P,ć,4
Non-Eastern European,joseph,0,6,2,0,j,h,5
Non-Eastern European,tucker,0,6,2,0,t,r,5
Non-Eastern European,burks,0,5,1,0,b,s,5
Non-Eastern European,hurst,0,5,1,0,h,t,5
Slovenia,Kavčič,20,6,2,2,K,č,1
Non-Eastern European,salinas,0,7,3,0,s,s,5
Montenegro,Djukanović,47,10,4,1,D,ć,4
Non-Eastern European,carroll,0,7,2,0,c,l,5
Serbia,Lazić,26,5,2,1,L,ć,2
Serbia,Jakovljević,81,11,4,1,J,ć,2
Slovenia,Leban,80,5,2,0,L,n,1
Non-Eastern European,carpenter,0,9,3,0,c,r,5
Non-Eastern European,brock,0,5,1,0,b,k,5
Non-Eastern European,wolf,0,4,1,0,w,f,5
Bosnia and Herzegovina,Mujić,60,5,2,1,M,ć,3
Non-Eastern European,vinson,0,6,2,0,v,n,5
Serbia,Đorđević,4,8,3,3,Đ,ć,2
Croatia,Kovačić,16,7,3,2,K,ć,0
Non-Eastern European,jacobs,0,6,2,0,j,s,5
Non-Eastern European,foster,0,6,2,0,f,r,5
Non-Eastern European,elliott,0,7,3,0,e,t,5
Montenegro,Joksimović,93,10,4,1,J,ć,4
Non-Eastern European,ford,0,4,1,0,f,d,5
Non-Eastern European,knowles,0,7,2,0,k,s,5
Non-Eastern European,kennedy,0,7,2,0,k,y,5
Montenegro,Martinović,28,10,4,1,M,ć,4
Serbia,Ilić,5,4,2,1,I,ć,2
Non-Eastern European,gibson,0,6,2,0,g,n,5
Non-Eastern European,nunez,0,5,2,0,n,z,5
Non-Eastern European,mueller,0,7,3,0,m,r,5
Bosnia and Herzegovina,Dedić,38,5,2,1,D,ć,3
Non-Eastern European,skinner,0,7,2,0,s,r,5
Non-Eastern European,nichols,0,7,2,0,n,s,5
Non-Eastern European,erickson,0,8,3,0,e,n,5
Non-Eastern European,lynch,0,5,0,0,l,h,5
Croatia,Jurišić,57,7,3,2,J,ć,0
Non-Eastern European,fitzgerald,0,10,3,0,f,d,5
Croatia,Matić,44,5,2,1,M,ć,0
Slovenia,Zupančič,5,8,3,2,Z,č,1
Serbia,Milić,80,5,2,1,M,ć,2
Non-Eastern European,summers,0,7,2,0,s,s,5
Slovenia,Potočnik,6,8,3,1,P,k,1
Non-Eastern European,hull,0,4,1,0,h,l,5
Slovenia,Turk,12,4,1,0,T,k,1
Montenegro,Terzić,87,6,2,1,T,ć,4
Montenegro,Djuretić,90,8,3,1,D,ć,4
Montenegro,Miranović,58,9,4,1,M,ć,4
Non-Eastern European,hampton,0,7,2,0,h,n,5
Non-Eastern European,hart,0,4,1,0,h,t,5
Non-Eastern European,stone,0,5,2,0,s,e,5
Non-Eastern European,mathews,0,7,2,0,m,s,5
Non-Eastern European,carpenter,0,9,3,0,c,r,5
Non-Eastern European,keller,0,6,2,0,k,r,5
Slovenia,Medved,33,6,2,0,M,d,1
Bosnia and Herzegovina,Omerović,68,8,4,1,O,ć,3
Non-Eastern European,mckinney,0,8,2,0,m,y,5
Non-Eastern European,wilkins,0,7,2,0,w,s,5
Non-Eastern European,jensen,0,6,2,0,j,n,5
Non-Eastern European,harper,0,6,2,0,h,r,5
Bosnia and Herzegovina,Hasanović,88,9,4,1,H,ć,3
Non-Eastern European,evans,0,5,2,0,e,s,5
Montenegro,Lekić,72,5,2,1,L,ć,4
Non-Eastern European,leach,0,5,2,0,l,h,5
Non-Eastern European,trujillo,0,8,3,0,t,o,5
Montenegro,Šćepanović,34,10,4,3,Š,ć,4
Non-Eastern European,frederick,0,9,3,0,f,k,5
Non-Eastern European,navarro,0,7,3,0,n,o,5
Non-Eastern European,heath,0,5,2,0,h,h,5
Non-Eastern European,alvarez,0,7,3,0,a,z,5
Non-Eastern European,webb,0,4,1,0,w,b,5
Non-Eastern European,kane,0,4,2,0,k,e,5
Non-Eastern European,pitts,0,5,1,0,p,s,5
Non-Eastern European,dickerson,0,9,3,0,d,n,5
Non-Eastern European,vega,0,4,2,0,v,a,5
Non-Eastern European,saunders,0,8,3,0,s,s,5
Serbia,Radovanović,32,11,5,1,R,ć,2
Serbia,Nedeljković,37,11,4,1,N,ć,2
Non-Eastern European,mcdonald,0,8,2,0,m,d,5
Non-Eastern European,kinney,0,6,2,0,k,y,5
Non-Eastern European,williams,0,8,3,0,w,s,5
Slovenia,Tomšič,68,6,2,2,T,č,1
Montenegro,Radević,59,7,3,1,R,ć,4
Non-Eastern European,morgan,0,6,2,0,m,n,5
Serbia,Veljković,72,9,3,1,V,ć,2
Slovenia,Rupnik,53,6,2,0,R,k,1
Non-Eastern European,haley,0,5,2,0,h,y,5
Non-Eastern European,morrison,0,8,3,0,m,n,5
Non-Eastern European,sanders,0,7,2,0,s,s,5
Non-Eastern European,marks,0,5,1,0,m,s,5
Bosnia and Herzegovina,Ilić,13,4,2,1,I,ć,3
Slovenia,Nemec,97,5,2,0,N,c,1
Bosnia and Herzegovina,Lukić,16,5,2,1,L,ć,3
Non-Eastern European,long,0,4,1,0,l,g,5
Croatia,Šimunić,64,7,3,2,Š,ć,0
Non-Eastern European,willis,0,6,2,0,w,s,5
Non-Eastern European,rocha,0,5,2,0,r,a,5
Non-Eastern European,moody,0,5,2,0,m,y,5
Non-Eastern European,glass,0,5,1,0,g,s,5
Non-Eastern European,jennings,0,8,2,0,j,s,5
Non-Eastern European,owens,0,5,2,0,o,s,5
Non-Eastern European,hogan,0,5,2,0,h,n,5
Non-Eastern European,sosa,0,4,2,0,s,a,5
Non-Eastern European,meyer,0,5,2,0,m,r,5
Serbia,Kovačević,24,9,4,2,K,ć,2
Non-Eastern European,acosta,0,6,3,0,a,a,5
Serbia,Stamenković,92,11,4,1,S,ć,2
Montenegro,Tomić,86,5,2,1,T,ć,4
Non-Eastern European,mccall,0,6,1,0,m,l,5
Montenegro,Mitrović,35,8,3,1,M,ć,4
Non-Eastern European,booth,0,5,2,0,b,h,5
Non-Eastern European,higgins,0,7,2,0,h,s,5
Non-Eastern European,owen,0,4,2,0,o,n,5
Non-Eastern European,rivers,0,6,2,0,r,s,5
Non-Eastern European,terrell,0,7,2,0,t,l,5
Non-Eastern European,lowery,0,6,2,0,l,y,5
Non-Eastern European,zamora,0,6,3,0,z,a,5
Non-Eastern European,maxwell,0,7,2,0,m,l,5
Non-Eastern European,velez,0,5,2,0,v,z,5
Non-Eastern European,holmes,0,6,2,0,h,s,5
Non-Eastern European,kerr,0,4,1,0,k,r,5
Non-Eastern European,schmidt,0,7,1,0,s,t,5
Non-Eastern European,jensen,0,6,2,0,j,n,5
Non-Eastern European,farrell,0,7,2,0,f,l,5
Non-Eastern European,cote,0,4,2,0,c,e,5
Non-Eastern European,cooley,0,6,3,0,c,y,5
Montenegro,Marković,2,8,3,1,M,ć,4
Non-Eastern European,larson,0,6,2,0,l,n,5
Non-Eastern European,harvey,0,6,2,0,h,y,5
Non-Eastern European,whitehead,0,9,4,0,w,d,5
Non-Eastern European,lowe,0,4,2,0,l,e,5
Non-Eastern European,alvarado,0,8,4,0,a,o,5
Non-Eastern European,houston,0,7,3,0,h,n,5
Serbia,Marjanović,83,10,4,1,M,ć,2
Non-Eastern European,montoya,0,7,3,0,m,a,5
Non-Eastern European,mcfadden,0,8,2,0,m,n,5
Montenegro,Jokić,91,5,2,1,J,ć,4
Non-Eastern European,hoffman,0,7,2,0,h,n,5
Serbia,Milosavljević,42,13,5,1,M,ć,2
Non-Eastern European,cantrell,0,8,2,0,c,l,5
Non-Eastern European,blevins,0,7,2,0,b,s,5
Non-Eastern European,macias,0,6,3,0,m,s,5
Non-Eastern European,rosales,0,7,3,0,r,s,5
Non-Eastern European,bryan,0,5,1,0,b,n,5
Non-Eastern European,mosley,0,6,2,0,m,y,5
Serbia,Ristić,14,6,2,1,R,ć,2
Non-Eastern European,wolfe,0,5,2,0,w,e,5
Non-Eastern European,atkinson,0,8,3,0,a,n,5
Non-Eastern European,thompson,0,8,2,0,t,n,5
Croatia,Ivančić,59,7,3,2,I,ć,0
Non-Eastern European,sharp,0,5,1,0,s,p,5
Non-Eastern European,soto,0,4,2,0,s,o,5
Non-Eastern European,cruz,0,4,1,0,c,z,5
Non-Eastern European,savage,0,6,3,0,s,e,5
Non-Eastern European,sweeney,0,7,3,0,s,y,5
Bosnia and Herzegovina,Matić,70,5,2,1,M,ć,3
Non-Eastern European,riggs,0,5,1,0,r,s,5
Bosnia and Herzegovina,Bešić,61,5,2,2,B,ć,3
Non-Eastern European,winters,0,7,2,0,w,s,5
Non-Eastern European,villarreal,0,10,4,0,v,l,5
Non-Eastern European,mayo,0,4,2,0,m,o,5
Non-Eastern European,valenzuela,0,10,5,0,v,a,5
Non-Eastern European,kemp,0,4,1,0,k,p,5
Serbia,Ranđelović,98,10,4,2,R,ć,2
Non-Eastern European,britt,0,5,1,0,b,t,5
Non-Eastern European,rich,0,4,1,0,r,h,5
Non-Eastern European,castro,0,6,2,0,c,o,5
Non-Eastern European,bowen,0,5,2,0,b,n,5
Non-Eastern European,holloway,0,8,3,0,h,y,5
Non-Eastern European,nguyen,0,6,2,0,n,n,5
Serbia,Stevanović,39,10,4,1,S,ć,2
Non-Eastern European,price,0,5,2,0,p,e,5
Non-Eastern European,bean,0,4,2,0,b,n,5
Serbia,Nikolić,2,7,3,1,N,ć,2
Non-Eastern European,nichols,0,7,2,0,n,s,5
Non-Eastern European,barrett,0,7,2,0,b,t,5
Non-Eastern European,herman,0,6,2,0,h,n,5
Croatia,Vidaković,82,9,4,1,V,ć,0
Non-Eastern European,mayer,0,5,2,0,m,r,5
Non-Eastern European,bradshaw,0,8,2,0,b,w,5
Non-Eastern European,york,0,4,1,0,y,k,5
Non-Eastern European,fox,0,3,1,0,f,x,5
Bosnia and Herzegovina,Ivanović,87,8,4,1,I,ć,3
Slovenia,Bizjak,16,6,2,0,B,k,1
Non-Eastern European,mejia,0,5,3,0,m,a,5
Non-Eastern European,lambert,0,7,2,0,l,t,5
Non-Eastern European,mcintosh,0,8,2,0,m,h,5
Non-Eastern European,hill,0,4,1,0,h,l,5
Non-Eastern European,pate,0,4,2,0,p,e,5
Non-Eastern European,hartman,0,7,2,0,h,n,5
Non-Eastern European,harper,0,6,2,0,h,r,5
Non-Eastern European,craft,0,5,1,0,c,t,5
Bosnia and Herzegovina,Popović,17,7,3,1,P,ć,3
Non-Eastern European,hoffman,0,7,2,0,h,n,5
Non-Eastern European,pratt,0,5,1,0,p,t,5
Non-Eastern European,nelson,0,6,2,0,n,n,5
Non-Eastern European,goff,0,4,1,0,g,f,5
Non-Eastern European,dalton,0,6,2,0,d,n,5
Non-Eastern European,james,0,5,2,0,j,s,5
Non-Eastern European,christian,0,9,3,0,c,n,5
Non-Eastern European,koch,0,4,1,0,k,h,5
Non-Eastern European,daniels,0,7,3,0,d,s,5
Non-Eastern European,huber,0,5,2,0,h,r,5
Non-Eastern European,figueroa,0,8,5,0,f,a,5
Non-Eastern European,alston,0,6,2,0,a,n,5
Non-Eastern European,campbell,0,8,2,0,c,l,5
Montenegro,Mijušković,94,10,4,2,M,ć,4
Non-Eastern European,lancaster,0,9,3,0,l,r,5
Non-Eastern European,chen,0,4,1,0,c,n,5
Non-Eastern European,gillespie,0,9,4,0,g,e,5
Non-Eastern European,gilbert,0,7,2,0,g,t,5
Non-Eastern European,garza,0,5,2,0,g,a,5
Non-Eastern European,perkins,0,7,2,0,p,s,5
Non-Eastern European,santiago,0,8,4,0,s,o,5
Non-Eastern European,may,0,3,1,0,m,y,5
Bosnia and Herzegovina,Alić,34,4,2,1,A,ć,3
Serbia,Zdravković,60,10,3,1,Z,ć,2
Non-Eastern European,pollard,0,7,2,0,p,d,5
Bosnia and Herzegovina,Marjanović,29,10,4,1,M,ć,3
Non-Eastern European,combs,0,5,1,0,c,s,5
Non-Eastern European,wong,0,4,1,0,w,g,5
Non-Eastern European,wiggins,0,7,2,0,w,s,5
Non-Eastern European,palmer,0,6,2,0,p,r,5
Non-Eastern European,porter,0,6,2,0,p,r,5
Non-Eastern European,bryant,0,6,1,0,b,t,5
Slovenia,Mihelič,82,7,3,1,M,č,1
Montenegro,Stanković,89,9,3,1,S,ć,4
Non-Eastern European,luna,0,4,2,0,l,a,5
Croatia,Šarić,87,5,2,2,Š,ć,0
Non-Eastern European,daugherty,0,9,3,0,d,y,5
Non-Eastern European,baird,0,5,2,0,b,d,5
Bosnia and Herzegovina,Mijatović,72,9,4,1,M,ć,3
Non-Eastern European,buckner,0,7,2,0,b,r,5
Non-Eastern European,bates,0,5,2,0,b,s,5
Serbia,Vučković,71,8,3,2,V,ć,2
Serbia,Radulović,93,9,4,1,R,ć,2
Non-Eastern European,forbes,0,6,2,0,f,s,5
Bosnia and Herzegovina,Mehić,65,5,2,1,M,ć,3
Croatia,Dujmović,55,8,3,1,D,ć,0
Non-Eastern European,mathis,0,6,2,0,m,s,5
Non-Eastern European,cash,0,4,1,0,c,h,5
Non-Eastern European,rowe,0,4,2,0,r,e,5
Non-Eastern European,best,0,4,1,0,b,t,5
Non-Eastern European,salazar,0,7,3,0,s,r,5
Non-Eastern European,perez,0,5,2,0,p,z,5
Non-Eastern European,reid,0,4,2,0,r,d,5
Serbia,Petković,27,8,3,1,P,ć,2
Slovenia,Kotnik,18,6,2,0,K,k,1
Non-Eastern European,sykes,0,5,1,0,s,s,5
Non-Eastern European,kelley,0,6,2,0,k,y,5
Non-Eastern European,mendoza,0,7,3,0,m,a,5
Slovenia,Hren,79,4,1,0,H,n,1
Non-Eastern European,stewart,0,7,2,0,s,t,5
Non-Eastern European,webb,0,4,1,0,w,b,5
Non-Eastern European,mills,0,5,1,0,m,s,5
Non-Eastern European,morin,0,5,2,0,m,n,5
Croatia,Novak,19,5,2,0,N,k,0
Montenegro,Radunović,31,9,4,1,R,ć,4
Non-Eastern European,mccormick,0,9,2,0,m,k,5
Serbia,Miletić,91,7,3,1,M,ć,2
Non-Eastern European,walter,0,6,2,0,w,r,5
Montenegro,Boljević,36,8,3,1,B,ć,4
Non-Eastern European,calhoun,0,7,3,0,c,n,5
Non-Eastern European,phillips,0,8,2,0,p,s,5
Non-Eastern European,roth,0,4,1,0,r,h,5
Croatia,Vučković,32,8,3,2,V,ć,0
Non-Eastern European,kramer,0,6,2,0,k,r,5
Non-Eastern European,knight,0,6,1,0,k,t,5
Serbia,Krstić,20,6,1,1,K,ć,2
Non-Eastern European,ferguson,0,8,3,0,f,n,5
Bosnia and Herzegovina,Tadić,33,5,2,1,T,ć,3
Non-Eastern European,shepard,0,7,2,0,s,d,5
Non-Eastern European,scott,0,5,1,0,s,t,5
Non-Eastern European,parks,0,5,1,0,p,s,5
Bosnia and Herzegovina,Vidović,48,7,3,1,V,ć,3
Slovenia,Pušnik,52,6,2,1,P,k,1
Bosnia and Herzegovina,Ostojić,67,7,3,1,O,ć,3
Croatia,Ružić,84,5,2,2,R,ć,0
Croatia,Varga,49,5,2,0,V,a,0
Montenegro,Leković,76,7,3,1,L,ć,4
Slovenia,Jenko,60,5,2,0,J,o,1
Non-Eastern European,chandler,0,8,2,0,c,r,5
Non-Eastern European,sellers,0,7,2,0,s,s,5
Non-Eastern European,lyons,0,5,1,0,l,s,5
Non-Eastern European,mercado,0,7,3,0,m,o,5
Non-Eastern European,rodriguez,0,9,4,0,r,z,5
Slovenia,Blatnik,84,7,2,0,B,k,1
Non-Eastern European,vargas,0,6,2,0,v,s,5
Non-Eastern European,morales,0,7,3,0,m,s,5
Non-Eastern European,hayes,0,5,2,0,h,s,5
Non-Eastern European,torres,0,6,2,0,t,s,5
Bosnia and Herzegovina,Pejić,53,5,2,1,P,ć,3
Non-Eastern European,underwood,0,9,4,0,u,d,5
Non-Eastern European,burt,0,4,1,0,b,t,5
Non-Eastern European,hunter,0,6,2,0,h,r,5
Non-Eastern European,mcleod,0,6,2,0,m,d,5
Non-Eastern European,ray,0,3,1,0,r,y,5
Non-Eastern European,bauer,0,5,3,0,b,r,5
Serbia,Trajković,49,9,3,1,T,ć,2
Non-Eastern European,dyer,0,4,1,0,d,r,5
Bosnia and Herzegovina,Simić,19,5,2,1,S,ć,3
Montenegro,Vučinić,43,7,3,2,V,ć,4
Non-Eastern European,nielsen,0,7,3,0,n,n,5
Non-Eastern European,mcbride,0,7,2,0,m,e,5
Bosnia and Herzegovina,Vuković,15,7,3,1,V,ć,3
Montenegro,Stojanović,38,10,4,1,S,ć,4
Bosnia and Herzegovina,Lučić,77,5,2,2,L,ć,3
Non-Eastern European,guzman,0,6,2,0,g,n,5
Slovenia,Čeh,86,3,1,1,Č,h,1
Non-Eastern European,hamilton,0,8,3,0,h,n,5
Non-Eastern European,mack,0,4,1,0,m,k,5
Non-Eastern European,kline,0,5,2,0,k,e,5
Non-Eastern European,fulton,0,6,2,0,f,n,5
Bosnia and Herzegovina,Marković,3,8,3,1,M,ć,3
Non-Eastern European,hays,0,4,1,0,h,s,5
Montenegro,Rajković,69,8,3,1,R,ć,4
Non-Eastern European,wise,0,4,2,0,w,e,5
Non-Eastern European,riley,0,5,2,0,r,y,5
Bosnia and Herzegovina,Trifković,84,9,3,1,T,ć,3
Non-Eastern European,brady,0,5,1,0,b,y,5
Slovenia,Zajc,31,4,1,0,Z,c,1
Non-Eastern European,garza,0,5,2,0,g,a,5
Non-Eastern European,ross,0,4,1,0,r,s,5
Bosnia and Herzegovina,Musić,62,5,2,1,M,ć,3
Non-Eastern European,leblanc,0,7,2,0,l,c,5
Serbia,Cvetković,15,9,3,1,C,ć,2
Slovenia,Erjavec,45,7,3,0,E,c,1
Non-Eastern European,durham,0,6,2,0,d,m,5
Non-Eastern European,roy,0,3,1,0,r,y,5
Non-Eastern European,gross,0,5,1,0,g,s,5
Non-Eastern European,hickman,0,7,2,0,h,n,5
Non-Eastern European,contreras,0,9,3,0,c,s,5
Non-Eastern European,whitfield,0,9,3,0,w,d,5
Non-Eastern European,norman,0,6,2,0,n,n,5
Non-Eastern European,mcmillan,0,8,2,0,m,n,5
Non-Eastern European,lane,0,4,2,0,l,e,5
Croatia,Grgić,11,5,1,1,G,ć,0
Non-Eastern European,roberson,0,8,3,0,r,n,5
Serbia,Jeremić,88,7,3,1,J,ć,2
Serbia,Radivojević,97,11,5,1,R,ć,2
Non-Eastern European,wagner,0,6,2,0,w,r,5
Non-Eastern European,mason,0,5,2,0,m,n,5
Slovenia,Zupanc,34,6,2,0,Z,c,1
Bosnia and Herzegovina,Brkić,30,5,1,1,B,ć,3
Non-Eastern European,gould,0,5,2,0,g,d,5
Non-Eastern European,santos,0,6,2,0,s,s,5
Non-Eastern European,daniels,0,7,3,0,d,s,5
Non-Eastern European,goodwin,0,7,3,0,g,n,5
Non-Eastern European,wallace,0,7,3,0,w,e,5
Non-Eastern European,carver,0,6,2,0,c,r,5
Non-Eastern European,montgomery,0,10,3,0,m,y,5
Slovenia,Pavlin,63,6,2,0,P,n,1
Non-Eastern European,vazquez,0,7,3,0,v,z,5
Non-Eastern European,harris,0,6,2,0,h,s,5
Non-Eastern European,nicholson,0,9,3,0,n,n,5
Non-Eastern European,bell,0,4,1,0,b,l,5
Serbia,Jovanović,1,9,4,1,J,ć,2
Non-Eastern European,mcfarland,0,9,2,0,m,d,5
Non-Eastern European,griffin,0,7,2,0,g,n,5
Montenegro,Bulatović,18,9,4,1,B,ć,4
Slovenia,Novak,1,5,2,0,N,k,1
Non-Eastern European,armstrong,0,9,2,0,a,g,5
Non-Eastern European,potter,0,6,2,0,p,r,5
Slovenia,Močnik,61,6,2,1,M,k,1
Montenegro,Milošević,27,9,4,2,M,ć,4
Non-Eastern European,soto,0,4,2,0,s,o,5
Montenegro,Drobnjak,85,8,2,0,D,k,4
Non-Eastern European,bright,0,6,1,0,b,t,5
Non-Eastern European,walsh,0,5,1,0,w,h,5
Non-Eastern European,deleon,0,6,3,0,d,n,5
Montenegro,Kaludjerović,55,12,5,1,K,ć,4
Non-Eastern European,wheeler,0,7,3,0,w,r,5
Slovenia,Lešnik,83,6,2,1,L,k,1
Bosnia and Herzegovina,Petković,97,8,3,1,P,ć,3
Non-Eastern European,gray,0,4,1,0,g,y,5
Non-Eastern European,mays,0,4,1,0,m,s,5
Non-Eastern European,fuller,0,6,2,0,f,r,5
Non-Eastern European,estes,0,5,2,0,e,s,5
Non-Eastern European,armstrong,0,9,2,0,a,g,5
Non-Eastern European,munoz,0,5,2,0,m,z,5
Non-Eastern European,pierce,0,6,3,0,p,e,5
Non-Eastern European,wong,0,4,1,0,w,g,5
Slovenia,Sever,47,5,2,0,S,r,1
Non-Eastern European,lester,0,6,2,0,l,r,5
Non-Eastern European,marquez,0,7,3,0,m,z,5
Non-Eastern European,moreno,0,6,3,0,m,o,5
Non-Eastern European,ayala,0,5,3,0,a,a,5
Non-Eastern European,moreno,0,6,3,0,m,o,5
Bosnia and Herzegovina,Hodžić,1,6,2,2,H,ć,3
Non-Eastern European,workman,0,7,2,0,w,n,5
Non-Eastern European,snider,0,6,2,0,s,r,5
Croatia,Pavlić,89,6,2,1,P,ć,0
Croatia,Ćosić,42,5,2,2,Ć,ć,0
Non-Eastern European,burris,0,6,2,0,b,s,5
Slovenia,Pirc,36,4,1,0,P,c,1
Non-Eastern European,hudson,0,6,2,0,h,n,5
Non-Eastern European,cooke,0,5,3,0,c,e,5
Non-Eastern European,obrien,0,6,3,0,o,n,5
Non-Eastern European,duke,0,4,2,0,d,e,5
Non-Eastern European,ruiz,0,4,2,0,r,z,5
Slovenia,Petrović,69,8,3,1,P,ć,1
Serbia,Radović,96,7,3,1,R,ć,2
Non-Eastern European,clemons,0,7,2,0,c,s,5
Non-Eastern European,dominguez,0,9,4,0,d,z,5
Bosnia and Herzegovina,Bajrić,55,6,2,1,B,ć,3
Non-Eastern European,richardson,0,10,3,0,r,n,5
Non-Eastern European,wilkinson,0,9,3,0,w,n,5
Non-Eastern European,reilly,0,6,2,0,r,y,5
Non-Eastern European,duncan,0,6,2,0,d,n,5
Non-Eastern European,garner,0,6,2,0,g,r,5
Non-Eastern European,ballard,0,7,2,0,b,d,5
Non-Eastern European,willis,0,6,2,0,w,s,5
Montenegro,Vukotić,66,7,3,1,V,ć,4
Bosnia and Herzegovina,Ćorić,82,5,2,2,Ć,ć,3
Bosnia and Herzegovina,Đukić,40,5,2,2,Đ,ć,3
Non-Eastern European,salazar,0,7,3,0,s,r,5
Non-Eastern European,gamble,0,6,2,0,g,e,5
Non-Eastern European,hancock,0,7,2,0,h,k,5
Non-Eastern European,lawson,0,6,2,0,l,n,5
Non-Eastern European,lane,0,4,2,0,l,e,5
Non-Eastern European,guy,0,3,1,0,g,y,5
Non-Eastern European,lucas,0,5,2,0,l,s,5
Bosnia and Herzegovina,Imamović,35,8,4,1,I,ć,3
Non-Eastern European,austin,0,6,3,0,a,n,5
Bosnia and Herzegovina,Avdić,25,5,2,1,A,ć,3
Non-Eastern European,good,0,4,2,0,g,d,5
Non-Eastern European,abbott,0,6,2,0,a,t,5
Non-Eastern European,valencia,0,8,4,0,v,a,5
Slovenia,Pintar,72,6,2,0,P,r,1
Croatia,Filipović,13,9,4,1,F,ć,0
Slovenia,Dolinar,76,7,3,0,D,r,1
Non-Eastern European,simpson,0,7,2,0,s,n,5
Serbia,Vuković,66,7,3,1,V,ć,2
Non-Eastern European,valdez,0,6,2,0,v,z,5
Non-Eastern European,warren,0,6,2,0,w,n,5
Serbia,Stefanović,64,10,4,1,S,ć,2
Non-Eastern European,love,0,4,2,0,l,e,5
Slovenia,Uršič,43,5,2,2,U,č,1
Non-Eastern European,edwards,0,7,2,0,e,s,5
Non-Eastern European,house,0,5,3,0,h,e,5
Non-Eastern European,dillard,0,7,2,0,d,d,5
Non-Eastern European,reese,0,5,3,0,r,e,5
Non-Eastern European,head,0,4,2,0,h,d,5
Non-Eastern European,gutierrez,0,9,4,0,g,z,5
Slovenia,Babič,44,5,2,1,B,č,1
Non-Eastern European,mcintyre,0,8,2,0,m,e,5
Non-Eastern European,flores,0,6,2,0,f,s,5
Serbia,Lazarević,30,9,4,1,L,ć,2
Non-Eastern European,vaughn,0,6,2,0,v,n,5
Montenegro,Perović,17,7,3,1,P,ć,4
Bosnia and Herzegovina,Ramić,32,5,2,1,R,ć,3
Non-Eastern European,hutchinson,0,10,3,0,h,n,5
Bosnia and Herzegovina,Delić,6,5,2,1,D,ć,3
Non-Eastern European,rios,0,4,2,0,r,s,5
Non-Eastern European,dean,0,4,2,0,d,n,5
Non-Eastern European,grant,0,5,1,0,g,t,5
Non-Eastern European,michael,0,7,3,0,m,l,5
Slovenia,Jovanović,98,9,4,1,J,ć,1
Montenegro,Jovović,48,7,3,1,J,ć,4
Non-Eastern European,brooks,0,6,2,0,b,s,5
Non-Eastern European,lopez,0,5,2,0,l,z,5
Non-Eastern European,simmons,0,7,2,0,s,s,5
Non-Eastern European,walters,0,7,2,0,w,s,5
Non-Eastern European,bray,0,4,1,0,b,y,5
Croatia,Pavlović,4,8,3,1,P,ć,0
Non-Eastern European,fowler,0,6,2,0,f,r,5
Montenegro,Hodžić,75,6,2,2,H,ć,4
Bosnia and Herzegovina,Todorović,28,9,4,1,T,ć,3
Croatia,Božić,6,5,2,2,B,ć,0
Serbia,Obradović,28,9,4,1,O,ć,2
Non-Eastern European,parker,0,6,2,0,p,r,5
Non-Eastern European,carlson,0,7,2,0,c,n,5
Croatia,Antunović,40,9,4,1,A,ć,0
Non-Eastern European,gomez,0,5,2,0,g,z,5
Serbia,Tasić,48,5,2,1,T,ć,2
Slovenia,Zorko,41,5,2,0,Z,o,1
Non-Eastern European,peck,0,4,1,0,p,k,5
Non-Eastern European,serrano,0,7,3,0,s,o,5
Non-Eastern European,jarvis,0,6,2,0,j,s,5
Non-Eastern European,sutton,0,6,2,0,s,n,5
Non-Eastern European,hawkins,0,7,2,0,h,s,5
Non-Eastern European,roman,0,5,2,0,r,n,5
Non-Eastern European,douglas,0,7,3,0,d,s,5
Non-Eastern European,coffey,0,6,2,0,c,y,5
Non-Eastern European,hughes,0,6,2,0,h,s,5
Non-Eastern European,noel,0,4,2,0,n,l,5
Non-Eastern European,bird,0,4,1,0,b,d,5
Non-Eastern European,hicks,0,5,1,0,h,s,5
Non-Eastern European,molina,0,6,3,0,m,a,5
Non-Eastern European,odonnell,0,8,3,0,o,l,5
Bosnia and Herzegovina,Lazarević,83,9,4,1,L,ć,3
Bosnia and Herzegovina,Pavlović,21,8,3,1,P,ć,3
Montenegro,Stanišić,50,8,3,2,S,ć,4
Non-Eastern European,hanson,0,6,2,0,h,n,5
Bosnia and Herzegovina,Begić,26,5,2,1,B,ć,3
Non-Eastern European,preston,0,7,2,0,p,n,5
Non-Eastern European,burke,0,5,2,0,b,e,5
Non-Eastern European,dawson,0,6,2,0,d,n,5
Non-Eastern European,maynard,0,7,2,0,m,d,5
Montenegro,Milić,32,5,2,1,M,ć,4
Non-Eastern European,morris,0,6,2,0,m,s,5
Non-Eastern European,perry,0,5,1,0,p,y,5
Non-Eastern European,haney,0,5,2,0,h,y,5
Bosnia and Herzegovina,Smajlović,75,9,3,1,S,ć,3
Non-Eastern European,porter,0,6,2,0,p,r,5
Non-Eastern European,hoover,0,6,3,0,h,r,5
Non-Eastern European,pace,0,4,2,0,p,e,5
Non-Eastern European,oliver,0,6,3,0,o,r,5
Serbia,Jović,33,5,2,1,J,ć,2
Non-Eastern European,stafford,0,8,2,0,s,d,5
Non-Eastern European,schneider,0,9,3,0,s,r,5
Non-Eastern European,mclaughlin,0,10,3,0,m,n,5
Non-Eastern European,olson,0,5,2,0,o,n,5
Croatia,Marić,67,5,2,1,M,ć,0
Montenegro,Popović,1,7,3,1,P,ć,4
Non-Eastern European,mendoza,0,7,3,0,m,a,5
Croatia,Barišić,25,7,3,2,B,ć,0
Serbia,Tomić,17,5,2,1,T,ć,2
Non-Eastern European,trevino,0,7,3,0,t,o,5
Non-Eastern European,fletcher,0,8,2,0,f,r,5
Non-Eastern European,hall,0,4,1,0,h,l,5
Non-Eastern European,espinoza,0,8,4,0,e,a,5
Non-Eastern European,reyes,0,5,2,0,r,s,5
Croatia,Abramović,86,9,4,1,A,ć,0
Non-Eastern European,stein,0,5,2,0,s,n,5
Serbia,Ćirić,78,5,2,2,Ć,ć,2
Non-Eastern European,conway,0,6,2,0,c,y,5
Non-Eastern European,berger,0,6,2,0,b,r,5
Non-Eastern European,gaines,0,6,3,0,g,s,5
Non-Eastern European,osborn,0,6,2,0,o,n,5
Non-Eastern European,marshall,0,8,2,0,m,l,5
Non-Eastern European,tran,0,4,1,0,t,n,5
Non-Eastern European,odom,0,4,2,0,o,m,5
Non-Eastern European,barton,0,6,2,0,b,n,5
Non-Eastern European,wilson,0,6,2,0,w,n,5
Serbia,Gavrilović,79,10,4,1,G,ć,2
Non-Eastern European,bishop,0,6,2,0,b,p,5
Non-Eastern European,schwartz,0,8,1,0,s,z,5
Bosnia and Herzegovina,Jurić,69,5,2,1,J,ć,3
Non-Eastern European,shannon,0,7,2,0,s,n,5
Non-Eastern European,ellis,0,5,2,0,e,s,5
Croatia,Kovačević,3,9,4,2,K,ć,0
Croatia,Lovrić,7,6,2,1,L,ć,0
Bosnia and Herzegovina,Knežević,18,8,3,2,K,ć,3
Non-Eastern European,jefferson,0,9,3,0,j,n,5
Non-Eastern European,shelton,0,7,2,0,s,n,5
Non-Eastern European,black,0,5,1,0,b,k,5
Bosnia and Herzegovina,Andrić,71,6,2,1,A,ć,3
Non-Eastern European,le,0,2,1,0,l,e,5
Serbia,Filipović,21,9,4,1,F,ć,2
Non-Eastern European,blankenship,0,11,3,0,b,p,5
Croatia,Šimić,28,5,2,2,Š,ć,0
Non-Eastern European,anthony,0,7,2,0,a,y,5
Non-Eastern European,king,0,4,1,0,k,g,5
Non-Eastern European,holder,0,6,2,0,h,r,5
Non-Eastern European,dunn,0,4,1,0,d,n,5
Non-Eastern European,wells,0,5,1,0,w,s,5
Non-Eastern European,padilla,0,7,3,0,p,a,5
Non-Eastern European,pena,0,4,2,0,p,a,5
Non-Eastern European,hawkins,0,7,2,0,h,s,5
Non-Eastern European,cross,0,5,1,0,c,s,5
Non-Eastern European,medina,0,6,3,0,m,a,5
Croatia,Babić,8,5,2,1,B,ć,0
Serbia,Stojković,62,9,3,1,S,ć,2
Non-Eastern European,rice,0,4,2,0,r,e,5
Croatia,Lončar,26,6,2,1,L,r,0
Bosnia and Herzegovina,Selimović,43,9,4,1,S,ć,3
Non-Eastern European,watson,0,6,2,0,w,n,5
Croatia,Vuković,48,7,3,1,V,ć,0
Slovenia,Vidmar,11,6,2,0,V,r,1
Bosnia and Herzegovina,Dizdarević,56,10,4,1,D,ć,3
Croatia,Novaković,56,9,4,1,N,ć,0
Non-Eastern European,ramsey,0,6,2,0,r,y,5
Serbia,Milošević,19,9,4,2,M,ć,2
Slovenia,Kastelic,25,8,3,0,K,c,1
Non-Eastern European,goodman,0,7,3,0,g,n,5
Non-Eastern European,moss,0,4,1,0,m,s,5
Non-Eastern European,morales,0,7,3,0,m,s,5
Croatia,Mikulić,73,7,3,1,M,ć,0
Non-Eastern European,knight,0,6,1,0,k,t,5
Non-Eastern European,ochoa,0,5,3,0,o,a,5
Non-Eastern European,holt,0,4,1,0,h,t,5
Non-Eastern European,solomon,0,7,3,0,s,n,5
Croatia,Posavec,46,7,3,0,P,c,0
Non-Eastern European,william,0,7,3,0,w,m,5
Non-Eastern European,young,0,5,2,0,y,g,5
Serbia,Živanović,38,9,4,2,Ž,ć,2
Non-Eastern European,david,0,5,2,0,d,d,5
Non-Eastern European,fischer,0,7,2,0,f,r,5
Non-Eastern European,norris,0,6,2,0,n,s,5
Non-Eastern European,adams,0,5,2,0,a,s,5
Non-Eastern European,floyd,0,5,1,0,f,d,5
Non-Eastern European,battle,0,6,2,0,b,e,5
Non-Eastern European,fisher,0,6,2,0,f,r,5
Montenegro,Pavlović,73,8,3,1,P,ć,4
Non-Eastern European,meyers,0,6,2,0,m,s,5
Non-Eastern European,hicks,0,5,1,0,h,s,5
Non-Eastern European,benton,0,6,2,0,b,n,5
Non-Eastern European,miles,0,5,2,0,m,s,5
Non-Eastern European,colon,0,5,2,0,c,n,5
Croatia,Galić,61,5,2,1,G,ć,0
Non-Eastern European,conner,0,6,2,0,c,r,5
Croatia,Cvitković,93,9,3,1,C,ć,0
Non-Eastern European,robertson,0,9,3,0,r,n,5
Non-Eastern European,meyer,0,5,2,0,m,r,5
Slovenia,Kolarič,99,7,3,1,K,č,1
Serbia,Maksimović,86,10,4,1,M,ć,2
Non-Eastern European,hansen,0,6,2,0,h,n,5
Bosnia and Herzegovina,Mešić,66,5,2,2,M,ć,3
Non-Eastern European,ramirez,0,7,3,0,r,z,5
Non-Eastern European,benson,0,6,2,0,b,n,5
Non-Eastern European,malone,0,6,3,0,m,e,5
Non-Eastern European,weaver,0,6,3,0,w,r,5
Slovenia,Kokalj,87,6,2,0,K,j,1
Non-Eastern European,hardin,0,6,2,0,h,n,5
Non-Eastern European,boone,0,5,3,0,b,e,5
Slovenia,Korošec,15,7,3,1,K,c,1
Non-Eastern European,ware,0,4,2,0,w,e,5
Croatia,Kovač,43,5,2,1,K,č,0
Non-Eastern European,carr,0,4,1,0,c,r,5
Slovenia,Klemenčič,30,9,3,2,K,č,1
Serbia,Živković,10,8,3,2,Ž,ć,2
Non-Eastern European,hubbard,0,7,2,0,h,d,5
Croatia,Grubišić,53,8,3,2,G,ć,0
Non-Eastern European,garrison,0,8,3,0,g,n,5
Non-Eastern European,turner,0,6,2,0,t,r,5
Croatia,Burić,69,5,2,1,B,ć,0
Non-Eastern European,cochran,0,7,2,0,c,n,5
Non-Eastern European,thomas,0,6,2,0,t,s,5
Non-Eastern European,cervantes,0,9,3,0,c,s,5
Bosnia and Herzegovina,Lazić,36,5,2,1,L,ć,3
Non-Eastern European,fleming,0,7,2,0,f,g,5
Slovenia,Cerar,88,5,2,0,C,r,1
Slovenia,Tomažič,42,7,3,2,T,č,1
Non-Eastern European,dixon,0,5,2,0,d,n,5
Slovenia,Hrovat,37,6,2,0,H,t,1
Croatia,Jurčević,81,8,3,2,J,ć,0
Non-Eastern European,kent,0,4,1,0,k,t,5
Slovenia,Golob,10,5,2,0,G,b,1
Non-Eastern European,moses,0,5,2,0,m,s,5
Non-Eastern European,roberts,0,7,2,0,r,s,5
Non-Eastern European,dorsey,0,6,2,0,d,y,5
Montenegro,Dragović,88,8,3,1,D,ć,4
Slovenia,Janežič,70,7,3,2,J,č,1
Serbia,Pešić,54,5,2,2,P,ć,2
Bosnia and Herzegovina,Bašić,14,5,2,2,B,ć,3
Montenegro,Rakočević,54,9,4,2,R,ć,4
Non-Eastern European,medina,0,6,3,0,m,a,5
Non-Eastern European,fields,0,6,2,0,f,s,5
Bosnia and Herzegovina,Bošnjak,41,7,2,1,B,k,3
Non-Eastern European,wynn,0,4,0,0,w,n,5
Non-Eastern European,lawrence,0,8,3,0,l,e,5
Slovenia,Horvat,2,6,2,0,H,t,1
Non-Eastern European,herrera,0,7,3,0,h,a,5
Non-Eastern European,foreman,0,7,3,0,f,n,5
Non-Eastern European,burke,0,5,2,0,b,e,5
Non-Eastern European,langley,0,7,2,0,l,y,5
Non-Eastern European,rodgers,0,7,2,0,r,s,5
Montenegro,Ćetković,29,8,3,2,Ć,ć,4
Slovenia,Kovač,7,5,2,1,K,č,1
Montenegro,Todorović,42,9,4,1,T,ć,4
Croatia,Dragičević,75,10,4,2,D,ć,0
Non-Eastern European,hester,0,6,2,0,h,r,5
Non-Eastern European,dotson,0,6,2,0,d,n,5
Serbia,Mladenović,34,10,4,1,M,ć,2
Non-Eastern European,sears,0,5,2,0,s,s,5
Bosnia and Herzegovina,Halilović,9,9,4,1,H,ć,3
Non-Eastern European,richmond,0,8,2,0,r,d,5
Non-Eastern European,blackburn,0,9,2,0,b,n,5
Non-Eastern European,chang,0,5,1,0,c,g,5
Non-Eastern European,pierce,0,6,3,0,p,e,5
Non-Eastern European,espinoza,0,8,4,0,e,a,5
Non-Eastern European,nunez,0,5,2,0,n,z,5
Bosnia and Herzegovina,Mandić,95,6,2,1,M,ć,3
Serbia,Milovanović,41,11,5,1,M,ć,2
Non-Eastern European,weeks,0,5,2,0,w,s,5
Serbia,Babić,73,5,2,1,B,ć,2
Bosnia and Herzegovina,Jovanović,12,9,4,1,J,ć,3
Non-Eastern European,buchanan,0,8,3,0,b,n,5
Non-Eastern European,sloan,0,5,2,0,s,n,5
Slovenia,Oblak,22,5,2,0,O,k,1
Non-Eastern European,puckett,0,7,2,0,p,t,5
Non-Eastern European,mills,0,5,1,0,m,s,5
Serbia,Mihajlović,55,10,4,1,M,ć,2
Non-Eastern European,bruce,0,5,2,0,b,e,5
Non-Eastern European,morrow,0,6,2,0,m,w,5
Croatia,Mitrović,72,8,3,1,M,ć,0
Croatia,Krznarić,95,8,2,1,K,ć,0
Non-Eastern European,vaughan,0,7,3,0,v,n,5
Croatia,Matijević,34,9,4,1,M,ć,0
Non-Eastern European,burns,0,5,1,0,b,s,5
Non-Eastern European,shaffer,0,7,2,0,s,r,5
Non-Eastern European,frost,0,5,1,0,f,t,5
Montenegro,Novaković,56,9,4,1,N,ć,4
Montenegro,Damjanović,53,10,4,1,D,ć,4
Non-Eastern European,burton,0,6,2,0,b,n,5
Non-Eastern European,johnston,0,8,2,0,j,n,5
Non-Eastern European,sampson,0,7,2,0,s,n,5
Non-Eastern European,branch,0,6,1,0,b,h,5
Croatia,Knežević,1,8,3,2,K,ć,0
Non-Eastern European,mckee,0,5,2,0,m,e,5
Non-Eastern European,pugh,0,4,1,0,p,h,5
Croatia,Đurđević,78,8,3,3,Đ,ć,0
Croatia,Herceg,85,6,2,0,H,g,0
Non-Eastern European,glover,0,6,2,0,g,r,5
Croatia,Petković,83,8,3,1,P,ć,0
Montenegro,Djurišić,65,8,3,2,D,ć,4
Non-Eastern European,bradford,0,8,2,0,b,d,5
Non-Eastern European,schmidt,0,7,1,0,s,t,5
Non-Eastern European,tyson,0,5,1,0,t,n,5
Non-Eastern European,duffy,0,5,1,0,d,y,5
Montenegro,Vujošević,44,9,4,2,V,ć,4
Non-Eastern European,garrett,0,7,2,0,g,t,5
Non-Eastern European,richards,0,8,2,0,r,s,5
Non-Eastern European,tucker,0,6,2,0,t,r,5
Non-Eastern European,carr,0,4,1,0,c,r,5
Non-Eastern European,warner,0,6,2,0,w,r,5
Non-Eastern European,parsons,0,7,2,0,p,s,5
Non-Eastern European,mcclure,0,7,2,0,m,e,5
Non-Eastern European,beasley,0,7,3,0,b,y,5
Montenegro,Božović,12,7,3,2,B,ć,4
Non-Eastern European,hendricks,0,9,2,0,h,s,5
Non-Eastern European,olsen,0,5,2,0,o,n,5
Non-Eastern European,prince,0,6,2,0,p,e,5
Slovenia,Kos,9,3,1,0,K,s,1
Non-Eastern European,alexander,0,9,4,0,a,r,5
Non-Eastern European,giles,0,5,2,0,g,s,5
Non-Eastern European,mcgee,0,5,2,0,m,e,5
Non-Eastern European,dunn,0,4,1,0,d,n,5
Non-Eastern European,case,0,4,2,0,c,e,5
Non-Eastern European,matthews,0,8,2,0,m,s,5
Non-Eastern European,salas,0,5,2,0,s,s,5
Non-Eastern European,stokes,0,6,2,0,s,s,5
Croatia,Ivanković,63,9,4,1,I,ć,0
Serbia,Đukić,87,5,2,2,Đ,ć,2
Non-Eastern European,sims,0,4,1,0,s,s,5
Non-Eastern European,graham,0,6,2,0,g,m,5
Non-Eastern European,hess,0,4,1,0,h,s,5
Serbia,Bogdanović,44,10,4,1,B,ć,2
Serbia,Mitrović,29,8,3,1,M,ć,2
Slovenia,Majcen,50,6,2,0,M,n,1
Non-Eastern European,chaney,0,6,2,0,c,y,5
Bosnia and Herzegovina,Jukić,80,5,2,1,J,ć,3
Non-Eastern European,bartlett,0,8,2,0,b,t,5
Slovenia,Petek,23,5,2,0,P,k,1
Non-Eastern European,mcmahon,0,7,2,0,m,n,5
Non-Eastern European,keith,0,5,2,0,k,h,5
Serbia,Anđelković,56,10,4,2,A,ć,2
Non-Eastern European,talley,0,6,2,0,t,y,5
Non-Eastern European,cabrera,0,7,3,0,c,a,5
Non-Eastern European,velasquez,0,9,4,0,v,z,5
Croatia,Bošnjak,10,7,2,1,B,k,0
Montenegro,Drašković,57,9,3,2,D,ć,4
Non-Eastern European,raymond,0,7,2,0,r,d,5
Non-Eastern European,copeland,0,8,3,0,c,d,5
Non-Eastern European,riley,0,5,2,0,r,y,5
Serbia,Jevtić,61,6,2,1,J,ć,2
Non-Eastern European,harvey,0,6,2,0,h,y,5
Non-Eastern European,jenkins,0,7,2,0,j,s,5
Bosnia and Herzegovina,Kovač,96,5,2,1,K,č,3
Non-Eastern European,mccray,0,6,1,0,m,y,5
Non-Eastern European,weiss,0,5,2,0,w,s,5
Non-Eastern European,rogers,0,6,2,0,r,s,5
Non-Eastern European,brewer,0,6,2,0,b,r,5
Non-Eastern European,wade,0,4,2,0,w,e,5
Non-Eastern European,berg,0,4,1,0,b,g,5
Non-Eastern European,blair,0,5,2,0,b,r,5
Montenegro,Mijović,68,7,3,1,M,ć,4
Non-Eastern European,lawrence,0,8,3,0,l,e,5
Non-Eastern European,melton,0,6,2,0,m,n,5
Non-Eastern European,hammond,0,7,2,0,h,d,5
Non-Eastern European,hooper,0,6,3,0,h,r,5
Slovenia,Kranjc,49,6,1,0,K,c,1
Non-Eastern European,haynes,0,6,2,0,h,s,5
Non-Eastern European,martinez,0,8,3,0,m,z,5
Non-Eastern European,terry,0,5,1,0,t,y,5
Non-Eastern European,gallagher,0,9,3,0,g,r,5
Non-Eastern European,santiago,0,8,4,0,s,o,5
Non-Eastern European,fry,0,3,0,0,f,y,5
Non-Eastern European,montgomery,0,10,3,0,m,y,5
Non-Eastern European,watkins,0,7,2,0,w,s,5
Non-Eastern European,mitchell,0,8,2,0,m,l,5
Non-Eastern European,santos,0,6,2,0,s,s,5
Non-Eastern European,nixon,0,5,2,0,n,n,5
Non-Eastern European,donaldson,0,9,3,0,d,n,5
Non-Eastern European,strickland,0,10,2,0,s,d,5
Bosnia and Herzegovina,Jahić,79,5,2,1,J,ć,3
Non-Eastern European,boyd,0,4,1,0,b,d,5
Non-Eastern European,robles,0,6,2,0,r,s,5
Bosnia and Herzegovina,Maksimović,64,10,4,1,M,ć,3
Non-Eastern European,hardy,0,5,1,0,h,y,5
Non-Eastern European,simpson,0,7,2,0,s,n,5
Non-Eastern European,valdez,0,6,2,0,v,z,5
Non-Eastern European,walton,0,6,2,0,w,n,5
Non-Eastern European,curry,0,5,1,0,c,y,5
Non-Eastern European,bullock,0,7,2,0,b,k,5
Non-Eastern European,larsen,0,6,2,0,l,n,5
Non-Eastern European,petersen,0,8,3,0,p,n,5
Non-Eastern European,buckley,0,7,2,0,b,y,5
Non-Eastern European,avery,0,5,2,0,a,y,5
Non-Eastern European,stanley,0,7,2,0,s,y,5
Croatia,Grgurić,80,7,2,1,G,ć,0
Non-Eastern European,rose,0,4,2,0,r,e,5
Non-Eastern European,lindsey,0,7,2,0,l,y,5
Non-Eastern European,fox,0,3,1,0,f,x,5
Non-Eastern European,blackwell,0,9,2,0,b,l,5
Croatia,Brajković,58,9,3,1,B,ć,0
Slovenia,Lah,38,3,1,0,L,h,1
Non-Eastern European,graves,0,6,2,0,g,s,5
Non-Eastern European,nolan,0,5,2,0,n,n,5
Non-Eastern European,payne,0,5,2,0,p,e,5
Non-Eastern European,gonzalez,0,8,3,0,g,z,5
Non-Eastern European,suarez,0,6,3,0,s,z,5
Bosnia and Herzegovina,Ristić,54,6,2,1,R,ć,3
Bosnia and Herzegovina,Mihajlović,93,10,4,1,M,ć,3
Non-Eastern European,newton,0,6,2,0,n,n,5
Non-Eastern European,gilbert,0,7,2,0,g,t,5
Non-Eastern European,wagner,0,6,2,0,w,r,5
Non-Eastern European,mcgowan,0,7,2,0,m,n,5
Montenegro,Milačić,83,7,3,2,M,ć,4
Non-Eastern European,petty,0,5,1,0,p,y,5
Non-Eastern European,gordon,0,6,2,0,g,n,5
Slovenia,Černe,77,5,2,1,Č,e,1
Croatia,Bašić,39,5,2,2,B,ć,0
Non-Eastern European,berry,0,5,1,0,b,y,5
Croatia,Stanić,91,6,2,1,S,ć,0
Non-Eastern European,madden,0,6,2,0,m,n,5
Non-Eastern European,mccoy,0,5,1,0,m,y,5
Non-Eastern European,bass,0,4,1,0,b,s,5
Non-Eastern European,huff,0,4,1,0,h,f,5
Non-Eastern European,finch,0,5,1,0,f,h,5
Non-Eastern European,davis,0,5,2,0,d,s,5
Bosnia and Herzegovina,Spahić,45,6,2,1,S,ć,3
Croatia,Jurić,29,5,2,1,J,ć,0
Non-Eastern European,klein,0,5,2,0,k,n,5
Non-Eastern European,dunlap,0,6,2,0,d,p,5
Non-Eastern European,craig,0,5,2,0,c,g,5
Slovenia,Maček,74,5,2,1,M,k,1
Non-Eastern European,pearson,0,7,3,0,p,n,5
Montenegro,Pepić,99,5,2,1,P,ć,4
Non-Eastern European,hale,0,4,2,0,h,e,5
Non-Eastern European,townsend,0,8,2,0,t,d,5
Non-Eastern European,myers,0,5,1,0,m,s,5
Non-Eastern European,lynch,0,5,0,0,l,h,5
Non-Eastern European,mason,0,5,2,0,m,n,5
Serbia,Milenković,40,10,4,1,M,ć,2
Non-Eastern European,greene,0,6,3,0,g,e,5
Non-Eastern European,wall,0,4,1,0,w,l,5
Non-Eastern European,cantu,0,5,2,0,c,u,5
Non-Eastern European,jimenez,0,7,3,0,j,z,5
Non-Eastern European,paul,0,4,2,0,p,l,5
Slovenia,Božič,13,5,2,2,B,č,1
Non-Eastern European,callahan,0,8,3,0,c,n,5
Non-Eastern European,kim,0,3,1,0,k,m,5
Non-Eastern European,kim,0,3,1,0,k,m,5
Non-Eastern European,chambers,0,8,2,0,c,s,5
Non-Eastern European,hodges,0,6,2,0,h,s,5
Non-Eastern European,marsh,0,5,1,0,m,h,5
Non-Eastern European,bernard,0,7,2,0,b,d,5
Non-Eastern European,burton,0,6,2,0,b,n,5
Non-Eastern European,pennington,0,10,3,0,p,n,5
Non-Eastern European,elliott,0,7,3,0,e,t,5
Non-Eastern European,wheeler,0,7,3,0,w,r,5
Non-Eastern European,matthews,0,8,2,0,m,s,5
Montenegro,Milović,62,7,3,1,M,ć,4
Serbia,Veličković,70,10,4,2,V,ć,2
Croatia,Lučić,76,5,2,2,L,ć,0
Montenegro,Bojović,52,7,3,1,B,ć,4
Montenegro,Ivanović,3,8,4,1,I,ć,4
Slovenia,Kocjančič,81,9,3,2,K,č,1
Non-Eastern European,francis,0,7,2,0,f,s,5
Non-Eastern European,whitney,0,7,2,0,w,y,5
Non-Eastern European,atkins,0,6,2,0,a,s,5
Non-Eastern European,pacheco,0,7,3,0,p,o,5
Non-Eastern European,russell,0,7,2,0,r,l,5
Croatia,Bilić,62,5,2,1,B,ć,0
Non-Eastern European,banks,0,5,1,0,b,s,5
Non-Eastern European,glenn,0,5,1,0,g,n,5
Non-Eastern European,mcpherson,0,9,2,0,m,n,5
Serbia,Tošić,84,5,2,2,T,ć,2
Croatia,Matković,37,8,3,1,M,ć,0
Non-Eastern European,holmes,0,6,2,0,h,s,5
Non-Eastern European,mercer,0,6,2,0,m,r,5
Non-Eastern European,huffman,0,7,2,0,h,n,5
Non-Eastern European,ball,0,4,1,0,b,l,5
Non-Eastern European,rojas,0,5,2,0,r,s,5
Non-Eastern European,larson,0,6,2,0,l,n,5
Slovenia,Lazar,96,5,2,0,L,r,1
Non-Eastern European,davidson,0,8,3,0,d,n,5
Montenegro,Lazarević,64,9,4,1,L,ć,4
Non-Eastern European,rice,0,4,2,0,r,e,5
Non-Eastern European,dean,0,4,2,0,d,n,5
Non-Eastern European,bender,0,6,2,0,b,r,5
Non-Eastern European,rios,0,4,2,0,r,s,5
Montenegro,Maraš,20,5,2,1,M,š,4
Non-Eastern European,zimmerman,0,9,3,0,z,n,5
Non-Eastern European,berry,0,5,1,0,b,y,5
Non-Eastern European,west,0,4,1,0,w,t,5
Slovenia,Hribar,19,6,2,0,H,r,1
Montenegro,Nikčević,25,8,3,2,N,ć,4
Non-Eastern European,holden,0,6,2,0,h,n,5
Non-Eastern European,steele,0,6,3,0,s,e,5
Non-Eastern European,vasquez,0,7,3,0,v,z,5
Non-Eastern European,hahn,0,4,1,0,h,n,5
Croatia,Lončarić,90,8,3,2,L,ć,0
Non-Eastern European,greene,0,6,3,0,g,e,5
Non-Eastern European,duran,0,5,2,0,d,n,5
Non-Eastern European,slater,0,6,2,0,s,r,5
Non-Eastern European,bishop,0,6,2,0,b,p,5
Non-Eastern European,miller,0,6,2,0,m,r,5
Croatia,Brkić,12,5,1,1,B,ć,0
Montenegro,Radulović,4,9,4,1,R,ć,4
Serbia,Miljković,90,9,3,1,M,ć,2
Non-Eastern European,mccarthy,0,8,1,0,m,y,5
Non-Eastern European,spencer,0,7,2,0,s,r,5
Non-Eastern European,landry,0,6,1,0,l,y,5
Non-Eastern European,merrill,0,7,2,0,m,l,5
Non-Eastern European,kelley,0,6,2,0,k,y,5
Non-Eastern European,chavez,0,6,2,0,c,z,5
Slovenia,Ribič,64,5,2,1,R,č,1
Non-Eastern European,garrett,0,7,2,0,g,t,5
Non-Eastern European,gentry,0,6,1,0,g,y,5
Serbia,Rakić,63,5,2,1,R,ć,2
Bosnia and Herzegovina,Stevanović,42,10,4,1,S,ć,3
Non-Eastern European,acevedo,0,7,4,0,a,o,5
Non-Eastern European,patton,0,6,2,0,p,n,5
Non-Eastern European,white,0,5,2,0,w,e,5
Non-Eastern European,delgado,0,7,3,0,d,o,5
Non-Eastern European,le,0,2,1,0,l,e,5
Non-Eastern European,fuentes,0,7,3,0,f,s,5
Non-Eastern European,sims,0,4,1,0,s,s,5
Non-Eastern European,mcclain,0,7,2,0,m,n,5
Non-Eastern European,guthrie,0,7,3,0,g,e,5
Non-Eastern European,robinson,0,8,3,0,r,n,5
Croatia,Nikolić,23,7,3,1,N,ć,0
Bosnia and Herzegovina,Šehić,63,5,2,2,Š,ć,3
Non-Eastern European,hendrix,0,7,2,0,h,x,5
Bosnia and Herzegovina,Janković,47,8,3,1,J,ć,3
Montenegro,Vujačić,39,7,3,2,V,ć,4
Montenegro,Ilić,81,4,2,1,I,ć,4
Serbia,Ivanović,23,8,4,1,I,ć,2
Non-Eastern European,silva,0,5,2,0,s,a,5
Non-Eastern European,juarez,0,6,3,0,j,z,5
Non-Eastern European,thornton,0,8,2,0,t,n,5
Non-Eastern European,kidd,0,4,1,0,k,d,5
Croatia,Katić,94,5,2,1,K,ć,0
Non-Eastern European,mann,0,4,1,0,m,n,5
Non-Eastern European,sandoval,0,8,3,0,s,l,5
Non-Eastern European,christensen,0,11,3,0,c,n,5
Non-Eastern European,peters,0,6,2,0,p,s,5
Non-Eastern European,melendez,0,8,3,0,m,z,5
Non-Eastern European,griffith,0,8,2,0,g,h,5
Slovenia,Dolenc,58,6,2,0,D,c,1
Non-Eastern European,french,0,6,1,0,f,h,5
Non-Eastern European,barry,0,5,1,0,b,y,5
Non-Eastern European,whitley,0,7,2,0,w,y,5
Non-Eastern European,crawford,0,8,2,0,c,d,5
Non-Eastern European,ruiz,0,4,2,0,r,z,5
Non-Eastern European,duncan,0,6,2,0,d,n,5
Non-Eastern European,solis,0,5,2,0,s,s,5
Montenegro,Tomašević,95,9,4,2,T,ć,4
Non-Eastern European,ortiz,0,5,2,0,o,z,5
Non-Eastern European,singleton,0,9,3,0,s,n,5
Non-Eastern European,morton,0,6,2,0,m,n,5
Non-Eastern European,shaw,0,4,1,0,s,w,5
Non-Eastern European,lee,0,3,2,0,l,e,5
Non-Eastern European,fernandez,0,9,3,0,f,z,5
Non-Eastern European,vincent,0,7,2,0,v,t,5
Non-Eastern European,rosario,0,7,4,0,r,o,5
Non-Eastern European,phelps,0,6,1,0,p,s,5
Non-Eastern European,henry,0,5,1,0,h,y,5
Slovenia,Rozman,21,6,2,0,R,n,1
Non-Eastern European,maldonado,0,9,4,0,m,o,5
Non-Eastern European,gill,0,4,1,0,g,l,5
Non-Eastern European,ray,0,3,1,0,r,y,5
Slovenia,Kolar,24,5,2,0,K,r,1
Non-Eastern European,snyder,0,6,1,0,s,r,5
Non-Eastern European,witt,0,4,1,0,w,t,5
Non-Eastern European,woods,0,5,2,0,w,s,5
Bosnia and Herzegovina,Šabić,76,5,2,2,Š,ć,3
Serbia,Paunović,74,8,4,1,P,ć,2
Non-Eastern European,shaw,0,4,1,0,s,w,5
Non-Eastern European,horton,0,6,2,0,h,n,5
Non-Eastern European,stephens,0,8,2,0,s,s,5
Non-Eastern European,chapman,0,7,2,0,c,n,5
Croatia,Kralj,47,5,1,0,K,j,0
Non-Eastern European,roach,0,5,2,0,r,h,5
Non-Eastern European,daniel,0,6,3,0,d,l,5
Non-Eastern European,howell,0,6,2,0,h,l,5
Non-Eastern European,sanders,0,7,2,0,s,s,5
Non-Eastern European,grimes,0,6,2,0,g,s,5
Non-Eastern European,vang,0,4,1,0,v,g,5
Croatia,Blažević,5,8,3,2,B,ć,0
Non-Eastern European,burgess,0,7,2,0,b,s,5
Non-Eastern European,aguirre,0,7,4,0,a,e,5
Serbia,Stanojević,69,10,4,1,S,ć,2
Non-Eastern European,boyer,0,5,2,0,b,r,5
Non-Eastern European,bonner,0,6,2,0,b,r,5
Montenegro,Vuksanović,51,10,4,1,V,ć,4
Non-Eastern European,stevenson,0,9,3,0,s,n,5
Non-Eastern European,sherman,0,7,2,0,s,n,5
Non-Eastern European,cunningham,0,10,3,0,c,m,5
Non-Eastern European,stout,0,5,2,0,s,t,5
Bosnia and Herzegovina,Marić,11,5,2,1,M,ć,3
Non-Eastern European,booker,0,6,3,0,b,r,5
Bosnia and Herzegovina,Nikolić,20,7,3,1,N,ć,3
Slovenia,Breznik,54,7,2,0,B,k,1
Non-Eastern European,collier,0,7,3,0,c,r,5
Non-Eastern European,small,0,5,1,0,s,l,5
Non-Eastern European,chavez,0,6,2,0,c,z,5
Croatia,Popović,51,7,3,1,P,ć,0
Non-Eastern European,gallegos,0,8,3,0,g,s,5
Non-Eastern European,george,0,6,3,0,g,e,5
Non-Eastern European,carroll,0,7,2,0,c,l,5
Non-Eastern European,drake,0,5,2,0,d,e,5
Non-Eastern European,davenport,0,9,3,0,d,t,5
Montenegro,Djukić,78,6,2,1,D,ć,4
Non-Eastern European,powers,0,6,2,0,p,s,5
Non-Eastern European,mendez,0,6,2,0,m,z,5
Montenegro,Jovanović,7,9,4,1,J,ć,4
Non-Eastern European,martin,0,6,2,0,m,n,5
Bosnia and Herzegovina,Božić,27,5,2,2,B,ć,3
Croatia,Petrović,20,8,3,1,P,ć,0
Non-Eastern European,ryan,0,4,1,0,r,n,5
Croatia,Klarić,36,6,2,1,K,ć,0
Non-Eastern European,day,0,3,1,0,d,y,5
Non-Eastern European,arnold,0,6,2,0,a,d,5
Non-Eastern European,travis,0,6,2,0,t,s,5
Montenegro,Raičević,15,8,4,2,R,ć,4
Non-Eastern European,hopkins,0,7,2,0,h,s,5
Non-Eastern European,rivera,0,6,3,0,r,a,5
Non-Eastern European,williamson,0,10,4,0,w,n,5
Non-Eastern European,pope,0,4,2,0,p,e,5
Non-Eastern European,lang,0,4,1,0,l,g,5
Serbia,Gajić,51,5,2,1,G,ć,2
Non-Eastern European,lloyd,0,5,1,0,l,d,5
Non-Eastern European,stevens,0,7,2,0,s,s,5
Montenegro,Babović,97,7,3,1,B,ć,4
Slovenia,Logar,59,5,2,0,L,r,1
Non-Eastern European,bush,0,4,1,0,b,h,5
Non-Eastern European,austin,0,6,3,0,a,n,5
Non-Eastern European,aguilar,0,7,4,0,a,r,5
Non-Eastern European,gardner,0,7,2,0,g,r,5
Non-Eastern European,cox,0,3,1,0,c,x,5
Non-Eastern European,stuart,0,6,2,0,s,t,5
Croatia,Martinović,18,10,4,1,M,ć,0
Slovenia,Knez,32,4,1,0,K,z,1
Non-Eastern European,golden,0,6,2,0,g,n,5
Non-Eastern European,rasmussen,0,9,3,0,r,n,5
Non-Eastern European,curtis,0,6,2,0,c,s,5
Non-Eastern European,weber,0,5,2,0,w,r,5
Non-Eastern European,franks,0,6,1,0,f,s,5
Slovenia,Kolenc,95,6,2,0,K,c,1
Non-Eastern European,clarke,0,6,2,0,c,e,5
Non-Eastern European,barber,0,6,2,0,b,r,5
Non-Eastern European,holcomb,0,7,2,0,h,b,5
Non-Eastern European,spears,0,6,2,0,s,s,5
Non-Eastern European,romero,0,6,3,0,r,o,5
Slovenia,Bezjak,85,6,2,0,B,k,1
Bosnia and Herzegovina,Savić,8,5,2,1,S,ć,3
Non-Eastern European,jones,0,5,2,0,j,s,5
Non-Eastern European,church,0,6,1,0,c,h,5
Non-Eastern European,mcconnell,0,9,2,0,m,l,5
Non-Eastern European,everett,0,7,3,0,e,t,5
Non-Eastern European,sanchez,0,7,2,0,s,z,5
Non-Eastern European,estrada,0,7,3,0,e,a,5
Montenegro,Vlahović,84,8,3,1,V,ć,4
Slovenia,Pečnik,62,6,2,1,P,k,1
Non-Eastern European,woodard,0,7,3,0,w,d,5
Non-Eastern European,gilmore,0,7,3,0,g,e,5
Croatia,Jukić,17,5,2,1,J,ć,0
Non-Eastern European,tyler,0,5,1,0,t,r,5
Non-Eastern European,lindsay,0,7,2,0,l,y,5
Non-Eastern European,diaz,0,4,2,0,d,z,5
Non-Eastern European,dixon,0,5,2,0,d,n,5
Non-Eastern European,herring,0,7,2,0,h,g,5
Non-Eastern European,manning,0,7,2,0,m,g,5
Non-Eastern European,hatfield,0,8,3,0,h,d,5
Non-Eastern European,mcdaniel,0,8,3,0,m,l,5
Non-Eastern European,barrera,0,7,3,0,b,a,5
Serbia,Urošević,89,8,4,2,U,ć,2
Non-Eastern European,ramos,0,5,2,0,r,s,5
Non-Eastern European,noble,0,5,2,0,n,e,5
Serbia,Savić,31,5,2,1,S,ć,2
Croatia,Živković,27,8,3,2,Ž,ć,0
Non-Eastern European,spence,0,6,2,0,s,e,5
Montenegro,Rašović,45,7,3,2,R,ć,4
Non-Eastern European,kirkland,0,8,2,0,k,d,5
Serbia,Đurić,35,5,2,2,Đ,ć,2
Croatia,Pavić,38,5,2,1,P,ć,0
Non-Eastern European,obrien,0,6,3,0,o,n,5
Non-Eastern European,yates,0,5,2,0,y,s,5
Montenegro,Dacić,77,5,2,1,D,ć,4
Non-Eastern European,joyce,0,5,2,0,j,e,5
Non-Eastern European,downs,0,5,1,0,d,s,5
Non-Eastern European,grant,0,5,1,0,g,t,5
Non-Eastern European,calderon,0,8,3,0,c,n,5
Non-Eastern European,vargas,0,6,2,0,v,s,5
Non-Eastern European,meadows,0,7,3,0,m,s,5
Non-Eastern European,cameron,0,7,3,0,c,n,5
Non-Eastern European,wilcox,0,6,2,0,w,x,5
Non-Eastern European,middleton,0,9,3,0,m,n,5
Non-Eastern European,stephenson,0,10,3,0,s,n,5
Non-Eastern European,wilder,0,6,2,0,w,r,5
Non-Eastern European,gordon,0,6,2,0,g,n,5
Slovenia,Žnidaršič,65,9,3,3,Ž,č,1
Non-Eastern European,beck,0,4,1,0,b,k,5
Non-Eastern European,whitaker,0,8,3,0,w,r,5
Non-Eastern European,gardner,0,7,2,0,g,r,5
Non-Eastern European,wooten,0,6,3,0,w,n,5
Non-Eastern European,alvarez,0,7,3,0,a,z,5
Non-Eastern European,holland,0,7,2,0,h,d,5
Slovenia,Kovačević,57,9,4,2,K,ć,1
Non-Eastern European,ferrell,0,7,2,0,f,l,5
Non-Eastern European,moore,0,5,3,0,m,e,5
Non-Eastern European,harrington,0,10,3,0,h,n,5
Non-Eastern European,wiley,0,5,2,0,w,y,5
Non-Eastern European,harding,0,7,2,0,h,g,5
Slovenia,Mlakar,8,6,2,0,M,r,1
Non-Eastern European,patel,0,5,2,0,p,l,5
Non-Eastern European,hinton,0,6,2,0,h,n,5
Non-Eastern European,cain,0,4,2,0,c,n,5
Croatia,Jakovljević,54,11,4,1,J,ć,0
Slovenia,Perko,56,5,2,0,P,o,1
Montenegro,Vujović,11,7,3,1,V,ć,4
Non-Eastern European,bolton,0,6,2,0,b,n,5
Serbia,Stanković,13,9,3,1,S,ć,2
Non-Eastern European,cleveland,0,9,3,0,c,d,5
Non-Eastern European,patrick,0,7,2,0,p,k,5
Non-Eastern European,sanford,0,7,2,0,s,d,5
Croatia,Marković,9,8,3,1,M,ć,0
Non-Eastern European,farmer,0,6,2,0,f,r,5
Non-Eastern European,farley,0,6,2,0,f,y,5
Non-Eastern European,blake,0,5,2,0,b,e,5
Montenegro,Vukićević,60,9,4,2,V,ć,4
Serbia,Vasiljević,59,10,4,1,V,ć,2
Non-Eastern European,leon,0,4,2,0,l,n,5
Non-Eastern European,romero,0,6,3,0,r,o,5
Non-Eastern European,cardenas,0,8,3,0,c,s,5
Non-Eastern European,fernandez,0,9,3,0,f,z,5
Non-Eastern European,compton,0,7,2,0,c,n,5
Non-Eastern European,tran,0,4,1,0,t,n,5
Bosnia and Herzegovina,Radić,52,5,2,1,R,ć,3
Non-Eastern European,crosby,0,6,1,0,c,y,5
Serbia,Milanović,68,9,4,1,M,ć,2
Non-Eastern European,ellison,0,7,3,0,e,n,5
Slovenia,Lesjak,55,6,2,0,L,k,1
Montenegro,Vojinović,80,9,4,1,V,ć,4
Non-Eastern European,henry,0,5,1,0,h,y,5
Non-Eastern European,gilliam,0,7,3,0,g,m,5
Non-Eastern European,albert,0,6,2,0,a,t,5
Non-Eastern European,collins,0,7,2,0,c,s,5
Non-Eastern European,neal,0,4,2,0,n,l,5
Montenegro,Škrijelj,96,8,2,1,Š,j,4
Non-Eastern European,benjamin,0,8,3,0,b,n,5
Non-Eastern European,sawyer,0,6,2,0,s,r,5
Slovenia,Furlan,51,6,2,0,F,n,1
Non-Eastern European,sharpe,0,6,2,0,s,e,5
Montenegro,Kovačević,10,9,4,2,K,ć,4
Non-Eastern European,rhodes,0,6,2,0,r,s,5
Non-Eastern European,alford,0,6,2,0,a,d,5
Non-Eastern European,munoz,0,5,2,0,m,z,5
Non-Eastern European,livingston,0,10,3,0,l,n,5
Montenegro,Obradović,71,9,4,1,O,ć,4
Non-Eastern European,foley,0,5,2,0,f,y,5
Slovenia,Rus,91,3,1,0,R,s,1
Non-Eastern European,mckenzie,0,8,3,0,m,e,5
Non-Eastern European,snow,0,4,1,0,s,w,5
Non-Eastern European,patterson,0,9,3,0,p,n,5
Slovenia,Jereb,48,5,2,0,J,b,1
Non-Eastern European,singh,0,5,1,0,s,h,5
Non-Eastern European,leonard,0,7,3,0,l,d,5
Serbia,Petrović,3,8,3,1,P,ć,2
Non-Eastern European,little,0,6,2,0,l,e,5
Serbia,Nešić,85,5,2,2,N,ć,2
Serbia,Božić,99,5,2,2,B,ć,2
Non-Eastern European,mckay,0,5,1,0,m,y,5
Montenegro,Vuković,8,7,3,1,V,ć,4
Slovenia,Hočevar,27,7,3,1,H,r,1
Non-Eastern European,short,0,5,1,0,s,t,5
Serbia,Stojanović,8,10,4,1,S,ć,2
Non-Eastern European,snyder,0,6,1,0,s,r,5
Serbia,Marinković,52,10,4,1,M,ć,2
Non-Eastern European,stanton,0,7,2,0,s,n,5
Non-Eastern European,donovan,0,7,3,0,d,n,5
Non-Eastern European,bridges,0,7,2,0,b,s,5
Non-Eastern European,knapp,0,5,1,0,k,p,5
Bosnia and Herzegovina,Topalović,91,9,4,1,T,ć,3
Non-Eastern European,rollins,0,7,2,0,r,s,5
Non-Eastern European,peters,0,6,2,0,p,s,5
Serbia,Aleksić,25,7,3,1,A,ć,2
Non-Eastern European,chen,0,4,1,0,c,n,5
Croatia,Horvat,2,6,2,0,H,t,0
Slovenia,Zupan,17,5,2,0,Z,n,1
Non-Eastern European,hart,0,4,1,0,h,t,5
Non-Eastern European,clements,0,8,2,0,c,s,5
Non-Eastern European,watts,0,5,1,0,w,s,5
Non-Eastern European,tillman,0,7,2,0,t,n,5
Non-Eastern European,russo,0,5,2,0,r,o,5
Non-Eastern European,maddox,0,6,2,0,m,x,5
Non-Eastern European,miranda,0,7,3,0,m,a,5
Non-Eastern European,franco,0,6,2,0,f,o,5
Montenegro,Karadžić,49,8,3,2,K,ć,4
Non-Eastern European,casey,0,5,2,0,c,y,5
Non-Eastern European,humphrey,0,8,2,0,h,y,5
Non-Eastern European,dudley,0,6,2,0,d,y,5
Non-Eastern European,palmer,0,6,2,0,p,r,5
Non-Eastern European,oneil,0,5,3,0,o,l,5
Non-Eastern European,parrish,0,7,2,0,p,h,5
Non-Eastern European,mcneil,0,6,2,0,m,l,5
Bosnia and Herzegovina,Jović,24,5,2,1,J,ć,3
Non-Eastern European,olson,0,5,2,0,o,n,5
Non-Eastern European,horne,0,5,2,0,h,e,5
Non-Eastern European,andrews,0,7,2,0,a,s,5
Non-Eastern European,ashley,0,6,2,0,a,y,5
Non-Eastern European,guerra,0,6,3,0,g,a,5
Non-Eastern European,schultz,0,7,1,0,s,z,5
Non-Eastern European,murray,0,6,2,0,m,y,5
Non-Eastern European,harrison,0,8,3,0,h,n,5
Non-Eastern European,english,0,7,2,0,e,h,5
Non-Eastern European,rivas,0,5,2,0,r,s,5
Non-Eastern European,valentine,0,9,4,0,v,e,5
Non-Eastern European,patel,0,5,2,0,p,l,5
Non-Eastern European,dale,0,4,2,0,d,e,5
Non-Eastern European,harrell,0,7,2,0,h,l,5
Non-Eastern European,barron,0,6,2,0,b,n,5
Non-Eastern European,walls,0,5,1,0,w,s,5
Non-Eastern European,sweet,0,5,2,0,s,t,5
Non-Eastern European,mullen,0,6,2,0,m,n,5
Non-Eastern European,warren,0,6,2,0,w,n,5
Non-Eastern European,guzman,0,6,2,0,g,n,5
Non-Eastern European,dennis,0,6,2,0,d,s,5
Non-Eastern European,cook,0,4,2,0,c,k,5
Non-Eastern European,stephens,0,8,2,0,s,s,5
Non-Eastern European,bennett,0,7,2,0,b,t,5
Non-Eastern European,poole,0,5,3,0,p,e,5
Non-Eastern European,avila,0,5,3,0,a,a,5
Non-Eastern European,kirk,0,4,1,0,k,k,5
Non-Eastern European,allen,0,5,2,0,a,n,5
Non-Eastern European,quinn,0,5,2,0,q,n,5
Non-Eastern European,carter,0,6,2,0,c,r,5
Non-Eastern European,charles,0,7,2,0,c,s,5
Non-Eastern European,jacobs,0,6,2,0,j,s,5
Non-Eastern European,levy,0,4,1,0,l,y,5
Non-Eastern European,jacobson,0,8,3,0,j,n,5
Montenegro,Sekulić,92,7,3,1,S,ć,4
Croatia,Josipović,96,9,4,1,J,ć,0
Non-Eastern European,cohen,0,5,2,0,c,n,5
Non-Eastern European,bailey,0,6,3,0,b,y,5
Non-Eastern European,beard,0,5,2,0,b,d,5
Non-Eastern European,franklin,0,8,2,0,f,n,5
Non-Eastern European,vasquez,0,7,3,0,v,z,5
Non-Eastern European,hopper,0,6,2,0,h,r,5
Non-Eastern European,fuller,0,6,2,0,f,r,5
Non-Eastern European,ortega,0,6,3,0,o,a,5
Serbia,Todorović,12,9,4,1,T,ć,2
Bosnia and Herzegovina,Softić,99,6,2,1,S,ć,3
Non-Eastern European,kennedy,0,7,2,0,k,y,5
Non-Eastern European,williamson,0,10,4,0,w,n,5
Montenegro,Vukčević,5,8,3,2,V,ć,4
Non-Eastern European,reid,0,4,2,0,r,d,5
Non-Eastern European,lynn,0,4,0,0,l,n,5
Non-Eastern European,schroeder,0,9,3,0,s,r,5
Non-Eastern European,ingram,0,6,2,0,i,m,5
Non-Eastern European,freeman,0,7,3,0,f,n,5
Non-Eastern European,mooney,0,6,3,0,m,y,5
Non-Eastern European,reynolds,0,8,2,0,r,s,5
Non-Eastern European,mendez,0,6,2,0,m,z,5
Non-Eastern European,guerrero,0,8,4,0,g,o,5
Non-Eastern European,weaver,0,6,3,0,w,r,5
Slovenia,Krajnc,3,6,1,0,K,c,1
Non-Eastern European,robertson,0,9,3,0,r,n,5
Montenegro,Djurović,14,8,3,1,D,ć,4
Non-Eastern European,hernandez,0,9,3,0,h,z,5
Non-Eastern European,gibbs,0,5,1,0,g,s,5
Non-Eastern European,flowers,0,7,2,0,f,s,5
Non-Eastern European,caldwell,0,8,2,0,c,l,5
Non-Eastern European,murray,0,6,2,0,m,y,5
Serbia,Pavlović,6,8,3,1,P,ć,2
Slovenia,Pavlič,39,6,2,1,P,č,1
Non-Eastern European,adkins,0,6,2,0,a,s,5
Croatia,Marušić,41,7,3,2,M,ć,0
Non-Eastern European,vega,0,4,2,0,v,a,5
Serbia,Vasić,36,5,2,1,V,ć,2
Non-Eastern European,cotton,0,6,2,0,c,n,5
Bosnia and Herzegovina,Mahmutović,85,10,4,1,M,ć,3
Serbia,Trifunović,94,10,4,1,T,ć,2
Montenegro,Mugoša,26,6,3,1,M,a,4
Bosnia and Herzegovina,Hasić,98,5,2,1,H,ć,3
Non-Eastern European,powell,0,6,2,0,p,l,5
Non-Eastern European,rosa,0,4,2,0,r,a,5
Non-Eastern European,burnett,0,7,2,0,b,t,5
Non-Eastern European,waters,0,6,2,0,w,s,5
Non-Eastern European,rowland,0,7,2,0,r,d,5
Non-Eastern European,crawford,0,8,2,0,c,d,5
Non-Eastern European,allison,0,7,3,0,a,n,5
Non-Eastern European,sheppard,0,8,2,0,s,d,5
Non-Eastern European,lewis,0,5,2,0,l,s,5
Croatia,Jozić,65,5,2,1,J,ć,0
Croatia,Tomić,15,5,2,1,T,ć,0
Non-Eastern European,monroe,0,6,3,0,m,e,5
Non-Eastern European,osborne,0,7,3,0,o,e,5
Non-Eastern European,smith,0,5,1,0,s,h,5
Bosnia and Herzegovina,Galić,86,5,2,1,G,ć,3
Slovenia,Vidovič,92,7,3,1,V,č,1
Non-Eastern European,howell,0,6,2,0,h,l,5
Serbia,Lukić,22,5,2,1,L,ć,2
Non-Eastern European,boyd,0,4,1,0,b,d,5
Non-Eastern European,doyle,0,5,2,0,d,e,5
Non-Eastern European,morrison,0,8,3,0,m,n,5
Bosnia and Herzegovina,Smajić,44,6,2,1,S,ć,3
Non-Eastern European,richards,0,8,2,0,r,s,5
Bosnia and Herzegovina,Kovačević,2,9,4,2,K,ć,3
Non-Eastern European,aguilar,0,7,4,0,a,r,5
Non-Eastern European,campos,0,6,2,0,c,s,5
Non-Eastern European,galloway,0,8,3,0,g,y,5
Montenegro,Zečević,63,7,3,2,Z,ć,4
Non-Eastern European,velazquez,0,9,4,0,v,z,5
Non-Eastern European,stone,0,5,2,0,s,e,5
Serbia,Đurđević,75,8,3,3,Đ,ć,2
Non-Eastern European,baldwin,0,7,2,0,b,n,5
Serbia,Marković,7,8,3,1,M,ć,2
Slovenia,Vidic,66,5,2,0,V,c,1
Non-Eastern European,estrada,0,7,3,0,e,a,5
Montenegro,Knežević,9,8,3,2,K,ć,4
Non-Eastern European,cunningham,0,10,3,0,c,m,5
Non-Eastern European,crane,0,5,2,0,c,e,5
Non-Eastern European,carson,0,6,2,0,c,n,5
Non-Eastern European,kelly,0,5,1,0,k,y,5
Non-Eastern European,moon,0,4,2,0,m,n,5
Non-Eastern European,harmon,0,6,2,0,h,n,5
Non-Eastern European,todd,0,4,1,0,t,d,5
Non-Eastern European,mcknight,0,8,1,0,m,t,5
Non-Eastern European,pittman,0,7,2,0,p,n,5
Serbia,Janković,11,8,3,1,J,ć,2
Croatia,Novosel,35,7,3,0,N,l,0
Non-Eastern European,warren,0,6,2,0,w,n,5
Non-Eastern European,taylor,0,6,2,0,t,r,5
Non-Eastern European,bentley,0,7,2,0,b,y,5
Non-Eastern European,macdonald,0,9,3,0,m,d,5
Non-Eastern European,hewitt,0,6,2,0,h,t,5
Non-Eastern European,woodward,0,8,3,0,w,d,5
Croatia,Butković,92,8,3,1,B,ć,0
Non-Eastern European,rush,0,4,1,0,r,h,5
Non-Eastern European,welch,0,5,1,0,w,h,5
Non-Eastern European,reed,0,4,2,0,r,d,5
Non-Eastern European,camacho,0,7,3,0,c,o,5
Non-Eastern European,dixon,0,5,2,0,d,n,5
Serbia,Simić,47,5,2,1,S,ć,2
Croatia,Vidović,14,7,3,1,V,ć,0
Bosnia and Herzegovina,Đurić,22,5,2,2,Đ,ć,3
Non-Eastern European,henderson,0,9,3,0,h,n,5
Bosnia and Herzegovina,Kadrić,94,6,2,1,K,ć,3
Non-Eastern European,tanner,0,6,2,0,t,r,5
Slovenia,Marolt,71,6,2,0,M,t,1
Non-Eastern European,andrews,0,7,2,0,a,s,5
Croatia,Mandić,21,6,2,1,M,ć,0
Non-Eastern European,burns,0,5,1,0,b,s,5
Non-Eastern European,mccarty,0,7,1,0,m,y,5
Non-Eastern European,wilkerson,0,9,3,0,w,n,5
Non-Eastern European,riddle,0,6,2,0,r,e,5
Non-Eastern European,watkins,0,7,2,0,w,s,5
Non-Eastern European,vance,0,5,2,0,v,e,5
Non-Eastern European,justice,0,7,3,0,j,e,5
Non-Eastern European,peterson,0,8,3,0,p,n,5
Non-Eastern European,carney,0,6,2,0,c,y,5
Non-Eastern European,payne,0,5,2,0,p,e,5
Non-Eastern European,newman,0,6,2,0,n,n,5
Slovenia,Primožič,94,8,3,2,P,č,1
Non-Eastern European,page,0,4,2,0,p,e,5
Non-Eastern European,bradley,0,7,2,0,b,y,5
Non-Eastern European,pickett,0,7,2,0,p,t,5
Non-Eastern European,jackson,0,7,2,0,j,n,5
Non-Eastern European,alvarado,0,8,4,0,a,o,5
Montenegro,Bubanja,82,7,3,0,B,a,4
Non-Eastern European,conrad,0,6,2,0,c,d,5
Non-Eastern European,franklin,0,8,2,0,f,n,5
Non-Eastern European,lawson,0,6,2,0,l,n,5
Serbia,Blagojević,58,10,4,1,B,ć,2
Croatia,Šimunović,22,9,4,2,Š,ć,0
Non-Eastern European,sexton,0,6,2,0,s,n,5
Montenegro,Adrović,67,7,3,1,A,ć,4
Non-Eastern European,randall,0,7,2,0,r,l,5
Serbia,Ivković,82,7,3,1,I,ć,2
Non-Eastern European,pena,0,4,2,0,p,a,5
Non-Eastern European,hensley,0,7,2,0,h,y,5
Bosnia and Herzegovina,Jašarević,92,9,4,2,J,ć,3
Non-Eastern European,hunt,0,4,1,0,h,t,5
Non-Eastern European,cherry,0,6,1,0,c,y,5
Non-Eastern European,stark,0,5,1,0,s,k,5
Bosnia and Herzegovina,Gajić,50,5,2,1,G,ć,3
Non-Eastern European,mccoy,0,5,1,0,m,y,5
Non-Eastern European,carrillo,0,8,3,0,c,o,5
Slovenia,Petrič,35,6,2,1,P,č,1
Non-Eastern European,johnston,0,8,2,0,j,n,5
Non-Eastern European,norton,0,6,2,0,n,n,5
Non-Eastern European,mccullough,0,10,3,0,m,h,5
Croatia,Đurić,88,5,2,2,Đ,ć,0
Non-Eastern European,dillon,0,6,2,0,d,n,5
Bosnia and Herzegovina,Karić,37,5,2,1,K,ć,3
Non-Eastern European,horn,0,4,1,0,h,n,5
Montenegro,Pajović,74,7,3,1,P,ć,4
Slovenia,Žagar,26,5,2,1,Ž,r,1
Non-Eastern European,hyde,0,4,1,0,h,e,5
Non-Eastern European,maldonado,0,9,4,0,m,o,5
Non-Eastern European,briggs,0,6,1,0,b,s,5
Non-Eastern European,bowers,0,6,2,0,b,s,5
Non-Eastern European,decker,0,6,2,0,d,r,5
Non-Eastern European,ryan,0,4,1,0,r,n,5
Non-Eastern European,santana,0,7,3,0,s,a,5
Non-Eastern European,massey,0,6,2,0,m,y,5
